Model,Epochs,Elapsed Time (s),CPU Avg. Power (W),CPU Energy (kJ),GPU Avg. Power (W),GPU Energy (kJ),Total Energy (kJ),Accuracy (%)
AlexNet,25,1909,29.19,55.73,38.88,74.21,129.94,93.62
ResNet18,25,3279,29.78,97.66,42.88,140.59,238.25,94.88
MobileNetV2,25,3663,28.84,105.65,43.2,158.26,263.91,88.38
GoogLeNet,25,3932,28.93,113.77,44.04,173.17,286.94,98.38
EfficientNetB0,25,4547,27.74,126.12,44.1,200.54,326.65,93.5
DarkNet19,25,4580,27.18,124.48,43.84,200.77,325.25,97.12
ResNet34,25,4909,26.7,131.08,44.44,218.15,349.22,96.0
ResNet50,25,8564,20.53,175.79,46.26,396.13,571.93,95.38
DenseNet121,25,54666,10.05,549.57,35.97,1966.27,2515.84,99.5
VGG16,25,182096,11.37,2069.95,35.96,6548.74,8618.69,94.12
