Model,Samples,CPU Mean from Trimmed Log (W),GPU Mean from Trimmed Log (W)
AlexNet,1906,29.201444910807997,38.91875078698851
DarkNet19,4576,27.200131555944047,43.86157298951072
DenseNet121,54658,10.05292599436496,35.972244502177176
EfficientNetB0,4542,27.753959929546486,44.13062571554388
GoogLeNet,3928,28.95467617107943,44.069671334012156
MobileNetV2,3658,28.874450792782856,43.24350874794968
ResNet18,3276,29.80497557997547,42.901173992674
ResNet34,4905,26.719830581039858,44.46067400611606
ResNet50,8561,20.531570727718723,46.26436969980136
VGG16,182095,11.367360289958235,35.963205002882994
