Date,Time,CPU All Power Consumption (W),GPU Power Consumption (W)
17.4.2025,5:50:41.622,4.533,6.179
17.4.2025,5:50:42.606,21.975,30.065
17.4.2025,5:50:43.606,30.056,41.612
17.4.2025,5:50:44.610,30.276,39.833
17.4.2025,5:50:45.610,30.182,35.908
17.4.2025,5:50:46.626,30.120,42.666
17.4.2025,5:50:47.627,30.267,35.153
17.4.2025,5:50:48.626,29.945,41.456
17.4.2025,5:50:49.631,30.122,38.183
17.4.2025,5:50:50.633,29.968,40.970
17.4.2025,5:50:51.651,30.188,41.314
17.4.2025,5:50:52.652,30.086,29.317
17.4.2025,5:50:53.666,30.190,41.256
17.4.2025,5:50:54.665,29.894,33.261
17.4.2025,5:50:55.682,29.806,41.265
17.4.2025,5:50:56.683,30.298,39.763
17.4.2025,5:50:57.683,30.008,36.053
17.4.2025,5:50:58.683,30.072,42.112
17.4.2025,5:50:59.681,30.137,35.600
17.4.2025,5:51:0.685,30.372,37.680
17.4.2025,5:51:1.701,30.339,35.996
17.4.2025,5:51:2.717,29.997,41.948
17.4.2025,5:51:3.728,30.058,36.471
17.4.2025,5:51:4.746,29.723,40.983
17.4.2025,5:51:5.748,29.888,34.362
17.4.2025,5:51:6.750,29.835,42.503
17.4.2025,5:51:7.748,29.895,38.183
17.4.2025,5:51:8.751,29.878,41.918
17.4.2025,5:51:9.767,30.165,38.733
17.4.2025,5:51:10.766,30.172,36.764
17.4.2025,5:51:11.768,29.718,39.612
17.4.2025,5:51:12.771,30.056,33.228
17.4.2025,5:51:13.771,29.932,41.570
17.4.2025,5:51:14.771,29.981,38.421
17.4.2025,5:51:15.784,30.040,43.844
17.4.2025,5:51:16.784,30.222,33.970
17.4.2025,5:51:17.783,29.772,42.817
17.4.2025,5:51:18.780,30.022,42.524
17.4.2025,5:51:19.799,29.785,32.769
17.4.2025,5:51:20.799,29.889,42.718
17.4.2025,5:51:21.814,29.499,34.759
17.4.2025,5:51:22.826,29.988,39.099
17.4.2025,5:51:23.827,29.746,37.225
17.4.2025,5:51:24.827,29.847,42.066
17.4.2025,5:51:25.831,29.798,42.154
17.4.2025,5:51:26.845,29.676,37.500
17.4.2025,5:51:27.857,30.004,40.584
17.4.2025,5:51:28.876,29.816,33.038
17.4.2025,5:51:29.877,29.585,41.743
17.4.2025,5:51:30.877,29.946,33.072
17.4.2025,5:51:31.875,29.515,41.057
17.4.2025,5:51:32.879,29.707,34.273
17.4.2025,5:51:33.893,29.634,41.335
17.4.2025,5:51:34.892,29.838,33.681
17.4.2025,5:51:35.911,29.758,43.550
17.4.2025,5:51:36.911,29.770,34.438
17.4.2025,5:51:37.910,29.681,42.631
17.4.2025,5:51:38.911,29.869,33.471
17.4.2025,5:51:39.916,29.457,42.735
17.4.2025,5:51:40.932,29.606,34.239
17.4.2025,5:51:41.949,29.432,41.011
17.4.2025,5:51:42.935,29.639,33.338
17.4.2025,5:51:43.950,29.789,41.719
17.4.2025,5:51:44.980,29.592,38.434
17.4.2025,5:51:45.980,29.622,41.702
17.4.2025,5:51:46.968,32.167,32.198
17.4.2025,5:51:47.982,29.508,39.210
17.4.2025,5:51:48.983,29.287,31.784
17.4.2025,5:51:49.986,29.583,41.857
17.4.2025,5:51:50.989,29.468,32.262
17.4.2025,5:51:51.988,30.214,40.776
17.4.2025,5:51:52.986,29.455,37.674
17.4.2025,5:51:53.988,29.651,39.764
17.4.2025,5:51:54.991,29.473,43.194
17.4.2025,5:51:55.995,29.574,39.653
17.4.2025,5:51:56.995,30.175,31.598
17.4.2025,5:51:57.982,30.336,29.777
17.4.2025,5:51:58.983,29.751,37.450
17.4.2025,5:51:59.998,29.723,39.234
17.4.2025,5:52:1.012,29.973,43.465
17.4.2025,5:52:2.012,29.627,41.897
17.4.2025,5:52:3.015,29.580,42.414
17.4.2025,5:52:4.028,29.362,39.405
17.4.2025,5:52:5.028,29.592,40.256
17.4.2025,5:52:6.030,29.725,39.391
17.4.2025,5:52:7.035,30.032,37.915
17.4.2025,5:52:8.035,29.464,43.215
17.4.2025,5:52:9.034,29.670,35.276
17.4.2025,5:52:10.035,29.610,41.503
17.4.2025,5:52:11.050,29.788,40.229
17.4.2025,5:52:12.066,29.628,43.076
17.4.2025,5:52:13.065,29.612,38.622
17.4.2025,5:52:14.066,29.542,39.881
17.4.2025,5:52:15.068,29.373,39.823
17.4.2025,5:52:16.086,29.476,37.273
17.4.2025,5:52:17.088,29.610,41.560
17.4.2025,5:52:18.092,29.333,34.791
17.4.2025,5:52:19.104,29.478,43.753
17.4.2025,5:52:20.120,29.135,32.362
17.4.2025,5:52:21.127,29.471,42.645
17.4.2025,5:52:22.124,29.476,37.600
17.4.2025,5:52:23.131,29.328,42.678
17.4.2025,5:52:24.131,29.529,38.035
17.4.2025,5:52:25.131,29.087,39.979
17.4.2025,5:52:26.128,29.590,33.858
17.4.2025,5:52:27.122,29.368,42.242
17.4.2025,5:52:28.139,29.485,32.459
17.4.2025,5:52:29.141,29.401,42.560
17.4.2025,5:52:30.158,29.405,34.554
17.4.2025,5:52:31.159,29.360,41.946
17.4.2025,5:52:32.158,29.328,38.263
17.4.2025,5:52:33.159,29.432,41.292
17.4.2025,5:52:34.163,29.400,38.786
17.4.2025,5:52:35.167,29.116,41.173
17.4.2025,5:52:36.168,29.378,40.883
17.4.2025,5:52:37.170,29.185,42.304
17.4.2025,5:52:38.186,29.521,38.955
17.4.2025,5:52:39.186,29.483,40.535
17.4.2025,5:52:40.189,29.508,42.583
17.4.2025,5:52:41.190,29.555,32.929
17.4.2025,5:52:42.201,29.614,43.448
17.4.2025,5:52:43.205,29.389,32.942
17.4.2025,5:52:44.207,29.451,41.900
17.4.2025,5:52:45.208,29.430,38.543
17.4.2025,5:52:46.207,29.289,42.352
17.4.2025,5:52:47.207,29.273,32.595
17.4.2025,5:52:48.224,29.339,42.886
17.4.2025,5:52:49.238,29.323,39.411
17.4.2025,5:52:50.240,29.594,41.762
17.4.2025,5:52:51.242,29.366,36.580
17.4.2025,5:52:52.243,29.293,38.994
17.4.2025,5:52:53.243,29.603,35.381
17.4.2025,5:52:54.262,29.310,41.507
17.4.2025,5:52:55.260,29.176,34.005
17.4.2025,5:52:56.248,29.217,39.368
17.4.2025,5:52:57.261,29.497,39.782
17.4.2025,5:52:58.248,29.344,39.782
17.4.2025,5:52:59.253,29.496,40.272
17.4.2025,5:53:0.270,29.315,42.622
17.4.2025,5:53:1.267,29.369,42.622
17.4.2025,5:53:2.269,29.194,37.259
17.4.2025,5:53:3.285,29.390,41.475
17.4.2025,5:53:4.283,29.390,36.271
17.4.2025,5:53:5.279,29.225,42.934
17.4.2025,5:53:6.280,29.342,34.362
17.4.2025,5:53:7.280,29.342,43.853
17.4.2025,5:53:8.280,29.260,39.734
17.4.2025,5:53:9.278,29.347,39.422
17.4.2025,5:53:10.294,29.215,41.303
17.4.2025,5:53:11.311,29.325,35.156
17.4.2025,5:53:12.328,29.248,42.054
17.4.2025,5:53:13.329,29.872,39.879
17.4.2025,5:53:14.332,30.142,29.671
17.4.2025,5:53:15.333,29.375,20.900
17.4.2025,5:53:16.348,29.276,39.945
17.4.2025,5:53:17.351,29.505,42.319
17.4.2025,5:53:18.366,29.418,35.515
17.4.2025,5:53:19.385,29.304,41.365
17.4.2025,5:53:20.385,29.734,38.902
17.4.2025,5:53:21.387,31.421,39.707
17.4.2025,5:53:22.401,29.103,42.105
17.4.2025,5:53:23.397,29.310,33.697
17.4.2025,5:53:24.399,29.261,42.192
17.4.2025,5:53:25.400,29.323,35.511
17.4.2025,5:53:26.402,29.429,42.555
17.4.2025,5:53:27.390,29.429,38.905
17.4.2025,5:53:28.389,29.285,38.445
17.4.2025,5:53:29.404,28.922,39.389
17.4.2025,5:53:30.406,29.073,40.727
17.4.2025,5:53:31.422,29.257,39.829
17.4.2025,5:53:32.439,29.257,39.209
17.4.2025,5:53:33.454,29.118,39.387
17.4.2025,5:53:34.455,29.444,41.117
17.4.2025,5:53:35.471,29.689,39.040
17.4.2025,5:53:36.491,29.591,41.432
17.4.2025,5:53:37.503,29.459,42.045
17.4.2025,5:53:38.501,29.502,34.588
17.4.2025,5:53:39.521,29.320,43.385
17.4.2025,5:53:40.519,29.233,34.594
17.4.2025,5:53:41.520,29.502,41.937
17.4.2025,5:53:42.520,29.550,36.473
17.4.2025,5:53:43.520,29.436,42.885
17.4.2025,5:53:44.521,29.436,33.363
17.4.2025,5:53:45.521,29.681,42.083
17.4.2025,5:53:46.520,29.068,38.319
17.4.2025,5:53:47.521,29.482,41.251
17.4.2025,5:53:48.520,29.437,40.369
17.4.2025,5:53:49.518,29.200,39.165
17.4.2025,5:53:50.534,29.349,41.070
17.4.2025,5:53:51.534,29.188,32.190
17.4.2025,5:53:52.548,29.272,41.176
17.4.2025,5:53:53.565,29.186,38.704
17.4.2025,5:53:54.562,29.252,38.881
17.4.2025,5:53:55.562,29.256,42.229
17.4.2025,5:53:56.563,29.329,37.581
17.4.2025,5:53:57.566,29.502,42.894
17.4.2025,5:53:58.565,29.337,36.431
17.4.2025,5:53:59.563,29.218,43.005
17.4.2025,5:54:0.567,29.878,35.311
17.4.2025,5:54:1.568,29.544,42.810
17.4.2025,5:54:2.567,29.073,32.216
17.4.2025,5:54:3.568,29.232,42.202
17.4.2025,5:54:4.571,29.520,33.320
17.4.2025,5:54:5.573,28.952,42.790
17.4.2025,5:54:6.588,29.224,33.069
17.4.2025,5:54:7.604,29.088,42.813
17.4.2025,5:54:8.604,29.430,33.119
17.4.2025,5:54:9.604,29.288,37.892
17.4.2025,5:54:10.617,29.263,37.056
17.4.2025,5:54:11.617,29.197,40.861
17.4.2025,5:54:12.617,29.064,37.883
17.4.2025,5:54:13.618,29.228,40.547
17.4.2025,5:54:14.618,29.345,39.584
17.4.2025,5:54:15.620,29.209,41.815
17.4.2025,5:54:16.623,29.036,39.587
17.4.2025,5:54:17.625,29.425,40.045
17.4.2025,5:54:18.630,29.045,39.848
17.4.2025,5:54:19.630,29.475,37.751
17.4.2025,5:54:20.643,29.242,43.491
17.4.2025,5:54:21.643,29.333,31.158
17.4.2025,5:54:22.646,29.211,40.640
17.4.2025,5:54:23.648,29.209,36.726
17.4.2025,5:54:24.647,29.375,41.975
17.4.2025,5:54:25.648,29.282,34.889
17.4.2025,5:54:26.662,29.411,42.846
17.4.2025,5:54:27.678,29.338,37.339
17.4.2025,5:54:28.682,29.270,41.937
17.4.2025,5:54:29.681,29.157,33.407
17.4.2025,5:54:30.698,30.021,31.913
17.4.2025,5:54:31.685,29.680,28.334
17.4.2025,5:54:32.687,29.673,42.861
17.4.2025,5:54:33.702,29.116,39.341
17.4.2025,5:54:34.714,29.362,41.629
17.4.2025,5:54:35.720,29.656,39.130
17.4.2025,5:54:36.740,29.586,43.417
17.4.2025,5:54:37.738,29.281,38.017
17.4.2025,5:54:38.738,29.275,43.464
17.4.2025,5:54:39.738,29.295,37.989
17.4.2025,5:54:40.737,29.096,36.308
17.4.2025,5:54:41.741,29.406,37.716
17.4.2025,5:54:42.755,29.213,42.131
17.4.2025,5:54:43.770,29.144,33.646
17.4.2025,5:54:44.767,29.053,42.273
17.4.2025,5:54:45.770,29.116,35.990
17.4.2025,5:54:46.768,28.961,42.223
17.4.2025,5:54:47.767,29.261,31.000
17.4.2025,5:54:48.771,29.179,41.686
17.4.2025,5:54:49.789,29.381,34.736
17.4.2025,5:54:50.792,29.404,41.317
17.4.2025,5:54:51.793,29.268,34.903
17.4.2025,5:54:52.791,29.208,41.380
17.4.2025,5:54:53.807,29.444,33.960
17.4.2025,5:54:54.821,29.107,43.681
17.4.2025,5:54:55.823,31.119,36.889
17.4.2025,5:54:56.821,29.375,40.103
17.4.2025,5:54:57.836,29.285,38.807
17.4.2025,5:54:58.840,29.275,40.934
17.4.2025,5:54:59.854,29.059,34.165
17.4.2025,5:55:0.842,29.222,41.356
17.4.2025,5:55:1.857,29.109,37.829
17.4.2025,5:55:2.859,28.967,32.795
17.4.2025,5:55:3.860,29.263,43.559
17.4.2025,5:55:4.875,29.004,33.982
17.4.2025,5:55:5.873,29.007,40.615
17.4.2025,5:55:6.890,29.410,35.845
17.4.2025,5:55:7.887,29.485,42.189
17.4.2025,5:55:8.890,29.234,34.833
17.4.2025,5:55:9.888,29.160,40.617
17.4.2025,5:55:10.891,29.176,33.511
17.4.2025,5:55:11.892,29.273,43.793
17.4.2025,5:55:12.892,29.015,34.109
17.4.2025,5:55:13.890,29.120,42.502
17.4.2025,5:55:14.892,29.078,33.922
17.4.2025,5:55:15.906,29.137,42.182
17.4.2025,5:55:16.905,29.045,30.920
17.4.2025,5:55:17.906,29.329,41.919
17.4.2025,5:55:18.919,29.536,31.643
17.4.2025,5:55:19.920,28.998,43.750
17.4.2025,5:55:20.936,29.180,34.868
17.4.2025,5:55:21.938,29.595,41.771
17.4.2025,5:55:22.956,29.213,29.375
17.4.2025,5:55:23.957,29.075,42.743
17.4.2025,5:55:24.956,29.322,43.330
17.4.2025,5:55:25.957,29.281,39.314
17.4.2025,5:55:26.973,29.155,40.093
17.4.2025,5:55:27.992,28.948,39.838
17.4.2025,5:55:28.993,29.165,34.980
17.4.2025,5:55:29.993,28.935,42.625
17.4.2025,5:55:30.993,29.355,31.478
17.4.2025,5:55:31.995,29.061,39.935
17.4.2025,5:55:32.993,29.211,43.769
17.4.2025,5:55:33.995,29.124,38.414
17.4.2025,5:55:35.007,28.989,42.807
17.4.2025,5:55:36.007,28.833,39.141
17.4.2025,5:55:37.024,28.968,38.173
17.4.2025,5:55:38.038,28.806,38.672
17.4.2025,5:55:39.037,29.195,39.078
17.4.2025,5:55:40.056,29.090,38.937
17.4.2025,5:55:41.071,29.135,43.572
17.4.2025,5:55:42.072,29.160,38.471
17.4.2025,5:55:43.061,28.897,43.056
17.4.2025,5:55:44.074,28.862,34.277
17.4.2025,5:55:45.078,28.816,41.976
17.4.2025,5:55:46.099,29.330,30.158
17.4.2025,5:55:47.114,29.827,38.375
17.4.2025,5:55:48.112,29.446,24.800
17.4.2025,5:55:49.128,28.870,39.742
17.4.2025,5:55:50.128,29.003,42.964
17.4.2025,5:55:51.125,29.247,38.885
17.4.2025,5:55:52.149,28.884,42.346
17.4.2025,5:55:53.149,29.155,34.455
17.4.2025,5:55:54.143,28.880,43.573
17.4.2025,5:55:55.144,29.168,31.088
17.4.2025,5:55:56.145,29.177,41.760
17.4.2025,5:55:57.145,29.030,35.484
17.4.2025,5:55:58.152,29.253,40.113
17.4.2025,5:55:59.138,29.355,35.459
17.4.2025,5:56:0.157,29.087,40.913
17.4.2025,5:56:1.171,29.233,42.808
17.4.2025,5:56:2.189,29.068,34.875
17.4.2025,5:56:3.204,29.284,42.599
17.4.2025,5:56:4.220,29.277,31.895
17.4.2025,5:56:5.234,29.179,42.485
17.4.2025,5:56:6.236,29.092,30.977
17.4.2025,5:56:7.234,29.062,43.903
17.4.2025,5:56:8.233,29.050,36.418
17.4.2025,5:56:9.232,29.211,40.918
17.4.2025,5:56:10.249,29.711,34.750
17.4.2025,5:56:11.265,29.087,43.842
17.4.2025,5:56:12.283,29.282,33.973
17.4.2025,5:56:13.298,29.092,40.259
17.4.2025,5:56:14.300,29.073,37.341
17.4.2025,5:56:15.313,29.030,39.736
17.4.2025,5:56:16.312,29.027,42.069
17.4.2025,5:56:17.312,29.598,40.336
17.4.2025,5:56:18.330,29.308,41.912
17.4.2025,5:56:19.348,29.126,38.817
17.4.2025,5:56:20.350,29.223,43.219
17.4.2025,5:56:21.352,29.138,39.304
17.4.2025,5:56:22.367,29.492,43.317
17.4.2025,5:56:23.369,29.282,33.165
17.4.2025,5:56:24.369,29.227,43.867
17.4.2025,5:56:25.367,29.358,34.105
17.4.2025,5:56:26.365,28.970,42.191
17.4.2025,5:56:27.366,29.242,31.728
17.4.2025,5:56:28.367,29.140,42.797
17.4.2025,5:56:29.367,29.172,34.344
17.4.2025,5:56:30.367,31.724,39.574
17.4.2025,5:56:31.367,29.290,39.776
17.4.2025,5:56:32.366,29.290,41.443
17.4.2025,5:56:33.368,29.031,42.589
17.4.2025,5:56:34.383,29.297,34.597
17.4.2025,5:56:35.399,29.072,43.181
17.4.2025,5:56:36.402,28.880,37.684
17.4.2025,5:56:37.390,29.408,42.488
17.4.2025,5:56:38.404,29.101,40.471
17.4.2025,5:56:39.421,28.933,42.830
17.4.2025,5:56:40.437,29.061,35.877
17.4.2025,5:56:41.439,29.312,40.182
17.4.2025,5:56:42.451,29.290,40.390
17.4.2025,5:56:43.454,29.087,41.921
17.4.2025,5:56:44.454,29.154,39.485
17.4.2025,5:56:45.455,29.164,41.725
17.4.2025,5:56:46.473,29.233,38.710
17.4.2025,5:56:47.475,29.112,41.330
17.4.2025,5:56:48.494,29.043,39.040
17.4.2025,5:56:49.509,29.077,41.684
17.4.2025,5:56:50.525,29.037,39.133
17.4.2025,5:56:51.544,31.820,42.175
17.4.2025,5:56:52.541,31.647,42.200
17.4.2025,5:56:53.539,29.241,38.040
17.4.2025,5:56:54.543,29.319,42.846
17.4.2025,5:56:55.558,29.015,39.078
17.4.2025,5:56:56.572,29.352,42.320
17.4.2025,5:56:57.586,29.260,36.901
17.4.2025,5:56:58.586,29.212,42.722
17.4.2025,5:56:59.584,29.245,39.149
17.4.2025,5:57:0.585,29.121,38.980
17.4.2025,5:57:1.588,29.045,38.729
17.4.2025,5:57:2.587,29.431,32.299
17.4.2025,5:57:3.587,29.799,37.096
17.4.2025,5:57:4.587,29.329,27.770
17.4.2025,5:57:5.590,28.988,44.078
17.4.2025,5:57:6.603,29.161,39.440
17.4.2025,5:57:7.605,29.216,41.761
17.4.2025,5:57:8.620,29.209,41.460
17.4.2025,5:57:9.622,29.240,36.882
17.4.2025,5:57:10.623,28.943,41.997
17.4.2025,5:57:11.624,29.212,42.287
17.4.2025,5:57:12.639,29.267,40.210
17.4.2025,5:57:13.639,28.895,41.963
17.4.2025,5:57:14.652,29.352,41.241
17.4.2025,5:57:15.651,29.360,34.334
17.4.2025,5:57:16.638,29.163,43.463
17.4.2025,5:57:17.643,29.213,35.645
17.4.2025,5:57:18.642,29.079,41.967
17.4.2025,5:57:19.655,29.239,33.477
17.4.2025,5:57:20.656,29.109,43.740
17.4.2025,5:57:21.656,29.070,32.864
17.4.2025,5:57:22.658,28.904,42.072
17.4.2025,5:57:23.673,29.294,32.950
17.4.2025,5:57:24.691,29.393,43.130
17.4.2025,5:57:25.692,29.064,33.186
17.4.2025,5:57:26.694,29.085,42.398
17.4.2025,5:57:27.693,29.451,32.776
17.4.2025,5:57:28.697,29.193,41.235
17.4.2025,5:57:29.697,29.080,43.302
17.4.2025,5:57:30.695,29.000,40.023
17.4.2025,5:57:31.695,28.767,42.789
17.4.2025,5:57:32.710,29.156,36.626
17.4.2025,5:57:33.724,29.251,42.847
17.4.2025,5:57:34.739,29.121,40.428
17.4.2025,5:57:35.741,28.979,40.763
17.4.2025,5:57:36.744,29.293,43.661
17.4.2025,5:57:37.745,29.166,38.051
17.4.2025,5:57:38.759,29.121,42.907
17.4.2025,5:57:39.776,29.186,33.118
17.4.2025,5:57:40.777,29.030,39.943
17.4.2025,5:57:41.775,28.944,43.106
17.4.2025,5:57:42.774,29.189,39.992
17.4.2025,5:57:43.775,28.973,44.046
17.4.2025,5:57:44.763,28.809,42.959
17.4.2025,5:57:45.780,29.292,33.021
17.4.2025,5:57:46.782,29.035,43.417
17.4.2025,5:57:47.783,29.104,31.939
17.4.2025,5:57:48.784,29.493,42.531
17.4.2025,5:57:49.784,29.218,34.850
17.4.2025,5:57:50.787,28.898,43.616
17.4.2025,5:57:51.801,29.165,32.634
17.4.2025,5:57:52.803,29.356,43.173
17.4.2025,5:57:53.816,28.926,32.690
17.4.2025,5:57:54.819,29.075,42.515
17.4.2025,5:57:55.832,29.295,31.304
17.4.2025,5:57:56.833,29.072,42.111
17.4.2025,5:57:57.845,28.921,33.108
17.4.2025,5:57:58.845,29.045,38.769
17.4.2025,5:57:59.860,29.190,41.890
17.4.2025,5:58:0.861,29.084,36.487
17.4.2025,5:58:1.878,28.934,41.975
17.4.2025,5:58:2.893,29.032,35.219
17.4.2025,5:58:3.895,29.284,42.221
17.4.2025,5:58:4.906,31.536,35.593
17.4.2025,5:58:5.908,29.364,42.711
17.4.2025,5:58:6.905,28.865,32.249
17.4.2025,5:58:7.907,29.241,43.354
17.4.2025,5:58:8.909,29.117,36.773
17.4.2025,5:58:9.911,29.120,43.828
17.4.2025,5:58:10.927,29.053,35.926
17.4.2025,5:58:11.924,28.997,42.111
17.4.2025,5:58:12.938,29.161,37.005
17.4.2025,5:58:13.938,29.104,41.835
17.4.2025,5:58:14.938,29.052,35.952
17.4.2025,5:58:15.941,29.178,42.903
17.4.2025,5:58:16.956,29.262,37.892
17.4.2025,5:58:17.974,29.018,42.557
17.4.2025,5:58:18.988,29.270,30.561
17.4.2025,5:58:19.984,29.771,37.256
17.4.2025,5:58:20.996,29.518,30.425
17.4.2025,5:58:22.001,28.966,42.428
17.4.2025,5:58:23.005,29.162,36.049
17.4.2025,5:58:24.004,28.921,43.353
17.4.2025,5:58:25.005,28.865,33.255
17.4.2025,5:58:26.005,29.270,41.984
17.4.2025,5:58:27.005,28.898,40.276
17.4.2025,5:58:28.019,29.021,41.829
17.4.2025,5:58:29.017,28.796,40.543
17.4.2025,5:58:30.016,29.247,36.405
17.4.2025,5:58:31.019,28.912,35.024
17.4.2025,5:58:32.019,29.136,36.066
17.4.2025,5:58:33.017,29.345,38.778
17.4.2025,5:58:34.034,28.973,36.266
17.4.2025,5:58:35.033,28.845,36.024
17.4.2025,5:58:36.033,29.319,36.147
17.4.2025,5:58:37.047,29.150,38.852
17.4.2025,5:58:38.063,29.144,39.512
17.4.2025,5:58:39.076,28.923,39.315
17.4.2025,5:58:40.080,28.961,42.889
17.4.2025,5:58:41.079,28.845,36.766
17.4.2025,5:58:42.094,29.289,42.626
17.4.2025,5:58:43.109,29.140,35.469
17.4.2025,5:58:44.112,29.247,42.457
17.4.2025,5:58:45.115,29.393,37.087
17.4.2025,5:58:46.111,29.126,42.266
17.4.2025,5:58:47.119,29.140,36.023
17.4.2025,5:58:48.120,29.124,42.289
17.4.2025,5:58:49.132,29.252,36.659
17.4.2025,5:58:50.132,29.149,41.983
17.4.2025,5:58:51.150,29.028,38.910
17.4.2025,5:58:52.151,28.841,42.589
17.4.2025,5:58:53.152,29.301,38.835
17.4.2025,5:58:54.155,28.930,42.114
17.4.2025,5:58:55.157,29.245,35.061
17.4.2025,5:58:56.159,29.299,42.708
17.4.2025,5:58:57.159,29.283,35.722
17.4.2025,5:58:58.164,29.020,41.666
17.4.2025,5:58:59.164,29.219,38.935
17.4.2025,5:59:0.176,29.216,42.197
17.4.2025,5:59:1.193,29.160,36.962
17.4.2025,5:59:2.208,29.141,42.737
17.4.2025,5:59:3.226,29.197,39.396
17.4.2025,5:59:4.241,29.231,42.919
17.4.2025,5:59:5.242,29.401,35.638
17.4.2025,5:59:6.241,29.057,42.269
17.4.2025,5:59:7.238,29.149,30.264
17.4.2025,5:59:8.238,29.181,41.858
17.4.2025,5:59:9.239,29.287,36.341
17.4.2025,5:59:10.242,29.328,41.522
17.4.2025,5:59:11.257,29.280,33.434
17.4.2025,5:59:12.270,29.079,37.629
17.4.2025,5:59:13.275,29.085,42.104
17.4.2025,5:59:14.277,29.399,41.365
17.4.2025,5:59:15.291,29.196,33.996
17.4.2025,5:59:16.277,29.448,43.033
17.4.2025,5:59:17.285,29.628,34.759
17.4.2025,5:59:18.299,29.291,43.140
17.4.2025,5:59:19.301,29.467,38.288
17.4.2025,5:59:20.320,29.075,42.127
17.4.2025,5:59:21.335,29.524,37.123
17.4.2025,5:59:22.336,29.120,42.891
17.4.2025,5:59:23.336,29.430,42.425
17.4.2025,5:59:24.340,29.177,34.679
17.4.2025,5:59:25.351,28.782,43.889
17.4.2025,5:59:26.366,29.136,34.620
17.4.2025,5:59:27.363,29.206,42.401
17.4.2025,5:59:28.381,29.319,34.799
17.4.2025,5:59:29.398,29.690,42.646
17.4.2025,5:59:30.397,29.028,33.673
17.4.2025,5:59:31.401,29.066,42.062
17.4.2025,5:59:32.402,28.805,34.928
17.4.2025,5:59:33.404,29.164,37.421
17.4.2025,5:59:34.405,29.165,42.729
17.4.2025,5:59:35.421,29.355,33.803
17.4.2025,5:59:36.421,29.555,30.837
17.4.2025,5:59:37.436,28.956,39.035
17.4.2025,5:59:38.441,31.205,34.713
17.4.2025,5:59:39.440,29.688,38.104
17.4.2025,5:59:40.440,29.053,42.982
17.4.2025,5:59:41.440,29.098,36.608
17.4.2025,5:59:42.439,29.074,43.346
17.4.2025,5:59:43.442,29.111,39.911
17.4.2025,5:59:44.461,29.188,43.095
17.4.2025,5:59:45.462,29.192,37.686
17.4.2025,5:59:46.463,28.988,42.720
17.4.2025,5:59:47.478,29.244,40.310
17.4.2025,5:59:48.494,28.953,43.179
17.4.2025,5:59:49.491,29.419,37.325
17.4.2025,5:59:50.493,28.874,42.238
17.4.2025,5:59:51.505,28.599,37.652
17.4.2025,5:59:52.504,29.192,42.246
17.4.2025,5:59:53.518,29.031,33.533
17.4.2025,5:59:54.519,28.860,42.084
17.4.2025,5:59:55.520,29.056,32.642
17.4.2025,5:59:56.523,29.316,43.975
17.4.2025,5:59:57.527,28.730,36.906
17.4.2025,5:59:58.514,29.061,41.100
17.4.2025,5:59:59.515,29.298,32.357
17.4.2025,6:0:0.517,29.004,41.749
17.4.2025,6:0:1.538,29.000,34.213
17.4.2025,6:0:2.553,29.141,42.684
17.4.2025,6:0:3.569,29.193,37.840
17.4.2025,6:0:4.585,28.948,42.773
17.4.2025,6:0:5.590,29.124,39.879
17.4.2025,6:0:6.605,29.128,42.555
17.4.2025,6:0:7.609,28.979,36.857
17.4.2025,6:0:8.623,28.854,42.164
17.4.2025,6:0:9.637,29.389,38.830
17.4.2025,6:0:10.638,29.230,41.377
17.4.2025,6:0:11.637,29.244,39.602
17.4.2025,6:0:12.641,29.187,35.922
17.4.2025,6:0:13.654,29.245,40.888
17.4.2025,6:0:14.655,29.059,34.305
17.4.2025,6:0:15.670,29.062,40.898
17.4.2025,6:0:16.686,29.214,32.342
17.4.2025,6:0:17.690,29.166,41.067
17.4.2025,6:0:18.692,29.186,41.386
17.4.2025,6:0:19.690,29.123,38.967
17.4.2025,6:0:20.696,29.264,41.797
17.4.2025,6:0:21.691,28.756,33.745
17.4.2025,6:0:22.689,29.177,42.266
17.4.2025,6:0:23.693,29.000,38.221
17.4.2025,6:0:24.691,28.953,42.250
17.4.2025,6:0:25.693,29.390,35.224
17.4.2025,6:0:26.694,28.955,43.616
17.4.2025,6:0:27.708,29.267,38.764
17.4.2025,6:0:28.709,29.059,41.878
17.4.2025,6:0:29.723,28.972,35.145
17.4.2025,6:0:30.724,29.112,42.508
17.4.2025,6:0:31.724,28.931,34.745
17.4.2025,6:0:32.738,29.006,41.245
17.4.2025,6:0:33.739,29.110,33.891
17.4.2025,6:0:34.741,28.924,41.219
17.4.2025,6:0:35.738,28.842,34.972
17.4.2025,6:0:36.739,29.180,41.376
17.4.2025,6:0:37.755,28.732,33.900
17.4.2025,6:0:38.755,29.114,41.160
17.4.2025,6:0:39.771,28.963,34.621
17.4.2025,6:0:40.789,29.193,42.297
17.4.2025,6:0:41.791,28.894,33.601
17.4.2025,6:0:42.786,29.389,42.262
17.4.2025,6:0:43.801,29.212,34.426
17.4.2025,6:0:44.820,28.956,39.272
17.4.2025,6:0:45.822,29.165,32.635
17.4.2025,6:0:46.823,30.831,42.327
17.4.2025,6:0:47.822,30.078,42.279
17.4.2025,6:0:48.826,28.903,39.672
17.4.2025,6:0:49.825,29.100,41.966
17.4.2025,6:0:50.824,29.152,39.851
17.4.2025,6:0:51.839,29.341,32.917
17.4.2025,6:0:52.855,29.713,30.922
17.4.2025,6:0:53.868,29.048,32.725
17.4.2025,6:0:54.888,29.024,42.667
17.4.2025,6:0:55.890,29.114,31.291
17.4.2025,6:0:56.894,29.017,40.390
17.4.2025,6:0:57.904,29.100,34.735
17.4.2025,6:0:58.906,29.174,41.699
17.4.2025,6:0:59.908,28.930,31.676
17.4.2025,6:1:0.909,29.365,41.461
17.4.2025,6:1:1.908,29.134,32.407
17.4.2025,6:1:2.924,29.052,41.039
17.4.2025,6:1:3.938,29.058,42.536
17.4.2025,6:1:4.938,29.188,40.756
17.4.2025,6:1:5.954,29.043,43.632
17.4.2025,6:1:6.968,29.162,37.973
17.4.2025,6:1:7.966,29.367,43.643
17.4.2025,6:1:8.982,29.328,39.255
17.4.2025,6:1:10.010,28.802,42.551
17.4.2025,6:1:11.016,29.039,38.697
17.4.2025,6:1:12.015,29.024,43.305
17.4.2025,6:1:13.013,31.676,33.063
17.4.2025,6:1:14.014,29.011,43.301
17.4.2025,6:1:15.031,29.192,39.748
17.4.2025,6:1:16.034,29.044,41.503
17.4.2025,6:1:17.034,29.258,42.474
17.4.2025,6:1:18.035,29.409,40.774
17.4.2025,6:1:19.056,29.147,42.080
17.4.2025,6:1:20.069,29.075,40.467
17.4.2025,6:1:21.068,29.168,41.717
17.4.2025,6:1:22.068,29.074,39.463
17.4.2025,6:1:23.068,29.308,41.332
17.4.2025,6:1:24.085,29.057,38.786
17.4.2025,6:1:25.082,28.982,42.058
17.4.2025,6:1:26.098,28.890,42.446
17.4.2025,6:1:27.113,29.219,34.426
17.4.2025,6:1:28.113,29.231,41.698
17.4.2025,6:1:29.111,29.432,42.803
17.4.2025,6:1:30.109,29.244,37.820
17.4.2025,6:1:31.107,29.078,38.959
17.4.2025,6:1:32.110,29.087,40.233
17.4.2025,6:1:33.106,29.207,42.453
17.4.2025,6:1:34.109,29.107,39.116
17.4.2025,6:1:35.110,29.207,41.860
17.4.2025,6:1:36.109,28.830,37.324
17.4.2025,6:1:37.127,29.289,42.999
17.4.2025,6:1:38.124,29.075,34.403
17.4.2025,6:1:39.127,28.842,41.519
17.4.2025,6:1:40.131,28.981,36.198
17.4.2025,6:1:41.148,28.887,41.909
17.4.2025,6:1:42.149,28.873,38.014
17.4.2025,6:1:43.152,29.115,40.835
17.4.2025,6:1:44.152,29.312,42.774
17.4.2025,6:1:45.153,29.065,39.841
17.4.2025,6:1:46.168,29.192,43.147
17.4.2025,6:1:47.167,29.215,40.419
17.4.2025,6:1:48.155,28.839,35.112
17.4.2025,6:1:49.158,28.864,42.996
17.4.2025,6:1:50.162,29.137,36.194
17.4.2025,6:1:51.162,29.414,43.146
17.4.2025,6:1:52.160,29.411,34.853
17.4.2025,6:1:53.160,29.157,43.335
17.4.2025,6:1:54.161,28.898,31.337
17.4.2025,6:1:55.176,29.152,43.779
17.4.2025,6:1:56.192,28.972,35.493
17.4.2025,6:1:57.193,28.867,41.067
17.4.2025,6:1:58.187,29.202,35.206
17.4.2025,6:1:59.190,29.445,41.141
17.4.2025,6:2:0.189,29.029,37.019
17.4.2025,6:2:1.190,29.412,43.692
17.4.2025,6:2:2.191,28.973,36.277
17.4.2025,6:2:3.189,29.207,40.773
17.4.2025,6:2:4.189,28.946,39.123
17.4.2025,6:2:5.207,28.854,40.209
17.4.2025,6:2:6.207,29.162,36.644
17.4.2025,6:2:7.225,28.846,40.165
17.4.2025,6:2:8.225,29.248,30.881
17.4.2025,6:2:9.242,29.738,33.973
17.4.2025,6:2:10.245,29.032,41.574
17.4.2025,6:2:11.232,29.090,40.669
17.4.2025,6:2:12.237,28.814,38.730
17.4.2025,6:2:13.246,29.041,40.285
17.4.2025,6:2:14.264,29.167,37.845
17.4.2025,6:2:15.282,29.123,39.414
17.4.2025,6:2:16.287,28.901,38.817
17.4.2025,6:2:17.290,29.106,42.006
17.4.2025,6:2:18.291,29.248,32.765
17.4.2025,6:2:19.308,29.177,42.209
17.4.2025,6:2:20.297,29.053,36.139
17.4.2025,6:2:21.297,28.952,43.353
17.4.2025,6:2:22.315,28.612,38.663
17.4.2025,6:2:23.315,28.955,39.184
17.4.2025,6:2:24.320,28.923,41.044
17.4.2025,6:2:25.319,29.327,39.120
17.4.2025,6:2:26.318,29.158,42.106
17.4.2025,6:2:27.320,28.743,33.472
17.4.2025,6:2:28.319,29.941,40.727
17.4.2025,6:2:29.322,28.976,42.188
17.4.2025,6:2:30.324,28.777,40.007
17.4.2025,6:2:31.322,29.383,38.206
17.4.2025,6:2:32.322,29.092,39.722
17.4.2025,6:2:33.336,29.399,34.177
17.4.2025,6:2:34.336,28.988,40.541
17.4.2025,6:2:35.334,28.842,40.505
17.4.2025,6:2:36.350,29.126,42.476
17.4.2025,6:2:37.367,29.242,33.587
17.4.2025,6:2:38.367,28.948,41.918
17.4.2025,6:2:39.367,28.948,41.727
17.4.2025,6:2:40.366,29.257,38.732
17.4.2025,6:2:41.367,29.358,41.932
17.4.2025,6:2:42.387,29.206,40.450
17.4.2025,6:2:43.397,29.255,41.847
17.4.2025,6:2:44.398,28.962,38.265
17.4.2025,6:2:45.399,28.802,42.165
17.4.2025,6:2:46.401,28.948,38.935
17.4.2025,6:2:47.404,31.731,43.876
17.4.2025,6:2:48.404,29.130,34.139
17.4.2025,6:2:49.419,29.012,41.932
17.4.2025,6:2:50.432,29.177,33.886
17.4.2025,6:2:51.433,29.349,40.154
17.4.2025,6:2:52.435,29.433,37.299
17.4.2025,6:2:53.452,29.153,43.130
17.4.2025,6:2:54.465,29.596,36.837
17.4.2025,6:2:55.466,28.997,40.699
17.4.2025,6:2:56.483,29.002,37.934
17.4.2025,6:2:57.484,29.063,40.872
17.4.2025,6:2:58.483,28.923,42.366
17.4.2025,6:2:59.485,28.905,40.542
17.4.2025,6:3:0.501,29.018,42.813
17.4.2025,6:3:1.514,28.915,36.950
17.4.2025,6:3:2.520,28.977,42.491
17.4.2025,6:3:3.521,29.311,32.839
17.4.2025,6:3:4.524,29.222,42.468
17.4.2025,6:3:5.527,28.949,33.786
17.4.2025,6:3:6.515,29.269,42.194
17.4.2025,6:3:7.516,28.995,36.521
17.4.2025,6:3:8.533,29.241,42.200
17.4.2025,6:3:9.534,29.070,35.436
17.4.2025,6:3:10.546,28.873,42.792
17.4.2025,6:3:11.564,29.272,36.549
17.4.2025,6:3:12.566,28.963,40.528
17.4.2025,6:3:13.569,28.985,41.111
17.4.2025,6:3:14.570,29.185,39.735
17.4.2025,6:3:15.569,28.843,40.421
17.4.2025,6:3:16.571,28.964,40.587
17.4.2025,6:3:17.570,29.370,40.860
17.4.2025,6:3:18.588,28.866,40.086
17.4.2025,6:3:19.574,29.085,41.100
17.4.2025,6:3:20.576,29.000,35.883
17.4.2025,6:3:21.579,29.009,41.562
17.4.2025,6:3:22.580,28.941,34.749
17.4.2025,6:3:23.581,28.801,39.587
17.4.2025,6:3:24.595,29.290,30.517
17.4.2025,6:3:25.611,29.955,37.839
17.4.2025,6:3:26.615,29.478,37.347
17.4.2025,6:3:27.632,29.179,42.845
17.4.2025,6:3:28.634,29.324,39.599
17.4.2025,6:3:29.651,29.073,43.004
17.4.2025,6:3:30.650,29.131,38.361
17.4.2025,6:3:31.644,29.036,42.233
17.4.2025,6:3:32.638,29.266,37.717
17.4.2025,6:3:33.638,29.394,41.975
17.4.2025,6:3:34.640,29.001,38.758
17.4.2025,6:3:35.642,29.447,40.952
17.4.2025,6:3:36.642,29.179,40.749
17.4.2025,6:3:37.657,28.675,39.334
17.4.2025,6:3:38.676,29.103,41.332
17.4.2025,6:3:39.678,29.008,41.283
17.4.2025,6:3:40.696,29.339,38.269
17.4.2025,6:3:41.694,29.000,42.984
17.4.2025,6:3:42.699,29.203,36.905
17.4.2025,6:3:43.685,29.088,43.086
17.4.2025,6:3:44.687,29.105,38.635
17.4.2025,6:3:45.686,29.204,42.428
17.4.2025,6:3:46.686,28.818,34.387
17.4.2025,6:3:47.700,29.454,41.442
17.4.2025,6:3:48.685,29.184,35.186
17.4.2025,6:3:49.685,28.991,43.007
17.4.2025,6:3:50.689,29.213,37.816
17.4.2025,6:3:51.708,28.892,40.116
17.4.2025,6:3:52.707,29.354,37.840
17.4.2025,6:3:53.720,29.067,42.689
17.4.2025,6:3:54.735,29.283,37.049
17.4.2025,6:3:55.739,29.072,40.110
17.4.2025,6:3:56.740,29.015,35.409
17.4.2025,6:3:57.755,29.203,42.656
17.4.2025,6:3:58.748,29.208,36.112
17.4.2025,6:3:59.748,29.031,41.254
17.4.2025,6:4:0.749,29.490,36.487
17.4.2025,6:4:1.750,29.098,43.040
17.4.2025,6:4:2.750,29.256,31.796
17.4.2025,6:4:3.770,29.029,42.038
17.4.2025,6:4:4.768,29.182,36.453
17.4.2025,6:4:5.767,29.118,40.988
17.4.2025,6:4:6.786,29.017,37.994
17.4.2025,6:4:7.797,29.119,43.205
17.4.2025,6:4:8.799,28.810,40.953
17.4.2025,6:4:9.811,28.851,39.046
17.4.2025,6:4:10.814,29.187,40.654
17.4.2025,6:4:11.830,29.110,38.445
17.4.2025,6:4:12.833,29.037,42.779
17.4.2025,6:4:13.847,29.334,37.922
17.4.2025,6:4:14.864,29.071,41.881
17.4.2025,6:4:15.862,28.990,33.895
17.4.2025,6:4:16.869,29.156,38.840
17.4.2025,6:4:17.868,29.057,32.934
17.4.2025,6:4:18.881,29.043,42.366
17.4.2025,6:4:19.899,28.934,36.512
17.4.2025,6:4:20.899,29.244,40.803
17.4.2025,6:4:21.897,31.243,39.366
17.4.2025,6:4:22.898,29.269,35.961
17.4.2025,6:4:23.899,29.004,43.209
17.4.2025,6:4:24.916,28.973,34.191
17.4.2025,6:4:25.917,29.177,42.578
17.4.2025,6:4:26.916,29.053,34.837
17.4.2025,6:4:27.903,29.190,42.353
17.4.2025,6:4:28.921,29.141,38.067
17.4.2025,6:4:29.938,29.084,40.378
17.4.2025,6:4:30.939,29.119,40.484
17.4.2025,6:4:31.954,29.201,39.936
17.4.2025,6:4:32.967,28.905,38.967
17.4.2025,6:4:33.985,28.878,37.257
17.4.2025,6:4:34.998,29.332,39.491
17.4.2025,6:4:36.014,28.987,32.910
17.4.2025,6:4:37.028,29.015,42.875
17.4.2025,6:4:38.043,29.071,38.498
17.4.2025,6:4:39.061,28.888,41.207
17.4.2025,6:4:40.060,29.369,40.179
17.4.2025,6:4:41.077,29.280,31.748
17.4.2025,6:4:42.077,29.736,35.077
17.4.2025,6:4:43.078,29.578,29.440
17.4.2025,6:4:44.099,29.062,34.228
17.4.2025,6:4:45.111,29.277,43.550
17.4.2025,6:4:46.111,28.943,34.229
17.4.2025,6:4:47.110,29.240,42.691
17.4.2025,6:4:48.109,29.043,40.504
17.4.2025,6:4:49.127,28.999,38.926
17.4.2025,6:4:50.126,29.295,42.023
17.4.2025,6:4:51.132,29.298,38.143
17.4.2025,6:4:52.126,29.055,40.509
17.4.2025,6:4:53.147,29.322,37.031
17.4.2025,6:4:54.153,28.846,42.640
17.4.2025,6:4:55.152,29.425,38.741
17.4.2025,6:4:56.155,29.203,41.958
17.4.2025,6:4:57.157,29.107,38.170
17.4.2025,6:4:58.172,28.836,40.195
17.4.2025,6:4:59.189,29.335,38.049
17.4.2025,6:5:0.190,29.778,41.973
17.4.2025,6:5:1.200,29.079,36.819
17.4.2025,6:5:2.218,29.113,41.294
17.4.2025,6:5:3.231,29.200,38.930
17.4.2025,6:5:4.246,28.920,44.833
17.4.2025,6:5:5.247,29.033,36.759
17.4.2025,6:5:6.249,29.197,39.907
17.4.2025,6:5:7.262,29.087,35.672
17.4.2025,6:5:8.263,28.995,42.088
17.4.2025,6:5:9.264,29.115,33.970
17.4.2025,6:5:10.267,28.964,41.117
17.4.2025,6:5:11.270,29.213,40.481
17.4.2025,6:5:12.270,28.906,39.996
17.4.2025,6:5:13.286,29.247,40.389
17.4.2025,6:5:14.286,28.977,40.920
17.4.2025,6:5:15.286,28.832,38.553
17.4.2025,6:5:16.301,29.084,37.012
17.4.2025,6:5:17.318,29.185,42.298
17.4.2025,6:5:18.319,29.244,31.802
17.4.2025,6:5:19.316,28.971,42.343
17.4.2025,6:5:20.332,29.306,32.619
17.4.2025,6:5:21.330,29.133,43.213
17.4.2025,6:5:22.330,29.209,32.989
17.4.2025,6:5:23.330,29.255,43.225
17.4.2025,6:5:24.330,29.547,37.933
17.4.2025,6:5:25.330,29.080,38.767
17.4.2025,6:5:26.345,29.491,34.156
17.4.2025,6:5:27.363,29.187,42.225
17.4.2025,6:5:28.364,29.102,38.536
17.4.2025,6:5:29.363,29.160,41.975
17.4.2025,6:5:30.362,29.058,39.987
17.4.2025,6:5:31.381,29.110,41.920
17.4.2025,6:5:32.380,29.199,35.465
17.4.2025,6:5:33.380,29.162,42.591
17.4.2025,6:5:34.381,29.327,32.031
17.4.2025,6:5:35.380,29.186,43.107
17.4.2025,6:5:36.395,29.329,34.675
17.4.2025,6:5:37.395,29.244,42.613
17.4.2025,6:5:38.395,29.155,33.759
17.4.2025,6:5:39.394,28.939,42.159
17.4.2025,6:5:40.398,29.222,37.982
17.4.2025,6:5:41.397,29.082,43.185
17.4.2025,6:5:42.410,29.229,38.772
17.4.2025,6:5:43.413,29.074,39.888
17.4.2025,6:5:44.428,29.184,35.825
17.4.2025,6:5:45.430,28.996,41.396
17.4.2025,6:5:46.430,29.107,34.909
17.4.2025,6:5:47.443,29.166,43.572
17.4.2025,6:5:48.441,28.959,43.572
17.4.2025,6:5:49.456,29.186,42.558
17.4.2025,6:5:50.459,29.129,33.036
17.4.2025,6:5:51.457,29.129,33.036
17.4.2025,6:5:52.458,29.495,38.851
17.4.2025,6:5:53.472,29.495,42.119
17.4.2025,6:5:54.486,29.119,38.791
17.4.2025,6:5:55.501,31.075,42.730
17.4.2025,6:5:56.513,29.987,38.625
17.4.2025,6:5:57.530,29.241,32.544
17.4.2025,6:5:58.543,29.660,34.708
17.4.2025,6:5:59.556,29.244,29.031
17.4.2025,6:6:0.557,29.556,41.235
17.4.2025,6:6:1.571,28.920,31.678
17.4.2025,6:6:2.569,29.059,43.192
17.4.2025,6:6:3.573,29.297,35.167
17.4.2025,6:6:4.574,28.965,43.446
17.4.2025,6:6:5.562,28.881,32.771
17.4.2025,6:6:6.560,28.997,41.434
17.4.2025,6:6:7.562,29.048,35.550
17.4.2025,6:6:8.565,29.048,43.372
17.4.2025,6:6:9.565,29.129,35.711
17.4.2025,6:6:10.578,28.910,42.633
17.4.2025,6:6:11.579,29.289,31.324
17.4.2025,6:6:12.581,28.980,42.353
17.4.2025,6:6:13.597,29.101,34.092
17.4.2025,6:6:14.598,29.329,42.087
17.4.2025,6:6:15.616,29.089,34.563
17.4.2025,6:6:16.618,29.312,43.838
17.4.2025,6:6:17.621,29.312,38.115
17.4.2025,6:6:18.635,28.816,43.532
17.4.2025,6:6:19.650,28.912,43.771
17.4.2025,6:6:20.649,29.348,37.590
17.4.2025,6:6:21.649,28.784,42.934
17.4.2025,6:6:22.649,28.784,33.338
17.4.2025,6:6:23.649,29.110,42.298
17.4.2025,6:6:24.647,29.527,33.487
17.4.2025,6:6:25.649,29.082,43.861
17.4.2025,6:6:26.648,29.239,32.061
17.4.2025,6:6:27.648,28.962,43.795
17.4.2025,6:6:28.646,28.930,33.425
17.4.2025,6:6:29.650,28.969,40.209
17.4.2025,6:6:30.664,29.107,38.030
17.4.2025,6:6:31.679,29.185,40.477
17.4.2025,6:6:32.680,29.010,36.915
17.4.2025,6:6:33.695,28.825,40.223
17.4.2025,6:6:34.693,29.174,42.031
17.4.2025,6:6:35.694,28.849,37.289
17.4.2025,6:6:36.700,28.732,43.377
17.4.2025,6:6:37.686,28.955,39.733
17.4.2025,6:6:38.700,29.188,42.135
17.4.2025,6:6:39.704,29.100,40.105
17.4.2025,6:6:40.704,29.018,38.798
17.4.2025,6:6:41.720,29.314,39.682
17.4.2025,6:6:42.719,29.160,36.514
17.4.2025,6:6:43.721,29.311,40.083
17.4.2025,6:6:44.718,29.128,43.053
17.4.2025,6:6:45.732,29.095,38.252
17.4.2025,6:6:46.733,28.998,42.156
17.4.2025,6:6:47.747,29.125,38.845
17.4.2025,6:6:48.750,28.962,43.596
17.4.2025,6:6:49.767,28.728,35.478
17.4.2025,6:6:50.769,28.978,42.181
17.4.2025,6:6:51.770,29.297,38.219
17.4.2025,6:6:52.783,29.532,43.218
17.4.2025,6:6:53.783,28.996,33.465
17.4.2025,6:6:54.796,29.071,42.992
17.4.2025,6:6:55.799,28.993,39.854
17.4.2025,6:6:56.799,29.015,42.679
17.4.2025,6:6:57.819,29.236,38.776
17.4.2025,6:6:58.834,29.080,38.692
17.4.2025,6:6:59.835,28.981,34.879
17.4.2025,6:7:0.836,28.881,42.416
17.4.2025,6:7:1.840,29.146,31.633
17.4.2025,6:7:2.855,29.027,43.538
17.4.2025,6:7:3.869,29.337,34.884
17.4.2025,6:7:4.870,28.998,42.324
17.4.2025,6:7:5.886,29.390,34.650
17.4.2025,6:7:6.890,29.037,41.758
17.4.2025,6:7:7.888,29.225,34.357
17.4.2025,6:7:8.890,29.049,43.094
17.4.2025,6:7:9.889,29.267,35.318
17.4.2025,6:7:10.901,29.107,42.043
17.4.2025,6:7:11.890,29.376,35.281
17.4.2025,6:7:12.891,29.222,42.033
17.4.2025,6:7:13.907,29.234,38.390
17.4.2025,6:7:14.922,28.914,29.553
17.4.2025,6:7:15.941,29.901,28.641
17.4.2025,6:7:16.954,29.148,33.551
17.4.2025,6:7:17.955,28.968,33.159
17.4.2025,6:7:18.970,29.044,43.532
17.4.2025,6:7:19.970,29.031,39.498
17.4.2025,6:7:20.969,29.275,41.923
17.4.2025,6:7:21.969,29.145,38.763
17.4.2025,6:7:22.971,29.181,43.327
17.4.2025,6:7:23.989,28.934,40.828
17.4.2025,6:7:24.989,29.141,39.714
17.4.2025,6:7:26.004,28.825,38.001
17.4.2025,6:7:27.017,28.938,42.201
17.4.2025,6:7:28.031,29.005,32.811
17.4.2025,6:7:29.049,29.243,42.444
17.4.2025,6:7:30.066,31.783,35.448
17.4.2025,6:7:31.070,29.163,41.128
17.4.2025,6:7:32.070,29.000,41.930
17.4.2025,6:7:33.075,29.000,37.923
17.4.2025,6:7:34.091,28.868,41.923
17.4.2025,6:7:35.108,28.868,31.664
17.4.2025,6:7:36.109,28.800,42.112
17.4.2025,6:7:37.114,28.914,39.513
17.4.2025,6:7:38.116,28.836,43.117
17.4.2025,6:7:39.133,29.303,40.517
17.4.2025,6:7:40.148,29.192,37.685
17.4.2025,6:7:41.149,28.763,42.312
17.4.2025,6:7:42.150,29.160,42.446
17.4.2025,6:7:43.151,29.320,43.784
17.4.2025,6:7:44.151,29.320,33.527
17.4.2025,6:7:45.139,28.820,42.089
17.4.2025,6:7:46.155,29.069,38.241
17.4.2025,6:7:47.154,29.110,40.087
17.4.2025,6:7:48.168,29.305,37.151
17.4.2025,6:7:49.169,29.305,40.924
17.4.2025,6:7:50.171,28.880,37.598
17.4.2025,6:7:51.171,28.909,40.314
17.4.2025,6:7:52.188,28.889,37.061
17.4.2025,6:7:53.191,28.918,42.713
17.4.2025,6:7:54.189,28.918,40.630
17.4.2025,6:7:55.204,29.248,39.060
17.4.2025,6:7:56.204,29.248,43.266
17.4.2025,6:7:57.206,29.053,40.983
17.4.2025,6:7:58.208,29.053,40.142
17.4.2025,6:7:59.223,29.376,39.442
17.4.2025,6:8:0.226,29.105,43.448
17.4.2025,6:8:1.225,29.105,41.780
17.4.2025,6:8:2.241,29.273,42.414
17.4.2025,6:8:3.242,29.273,40.607
17.4.2025,6:8:4.243,29.206,41.728
17.4.2025,6:8:5.246,28.915,35.828
17.4.2025,6:8:6.246,28.915,43.040
17.4.2025,6:8:7.234,28.755,36.714
17.4.2025,6:8:8.249,29.017,40.576
17.4.2025,6:8:9.249,29.128,40.219
17.4.2025,6:8:10.250,29.128,37.174
17.4.2025,6:8:11.257,28.868,40.479
17.4.2025,6:8:12.251,29.121,40.391
17.4.2025,6:8:13.252,31.297,39.956
17.4.2025,6:8:14.269,29.084,41.803
17.4.2025,6:8:15.284,29.117,37.454
17.4.2025,6:8:16.301,29.056,42.102
17.4.2025,6:8:17.302,29.059,35.942
17.4.2025,6:8:18.322,29.088,41.892
17.4.2025,6:8:19.338,29.168,32.442
17.4.2025,6:8:20.326,29.106,41.189
17.4.2025,6:8:21.329,29.146,32.858
17.4.2025,6:8:22.330,29.242,44.789
17.4.2025,6:8:23.332,28.952,33.425
17.4.2025,6:8:24.347,28.965,40.530
17.4.2025,6:8:25.347,29.137,37.051
17.4.2025,6:8:26.348,29.079,41.067
17.4.2025,6:8:27.364,28.827,35.221
17.4.2025,6:8:28.379,28.960,40.879
17.4.2025,6:8:29.381,29.038,40.132
17.4.2025,6:8:30.380,29.047,41.908
17.4.2025,6:8:31.394,29.822,31.160
17.4.2025,6:8:32.395,29.669,30.891
17.4.2025,6:8:33.394,29.147,29.453
17.4.2025,6:8:34.394,29.147,36.908
17.4.2025,6:8:35.395,28.982,41.710
17.4.2025,6:8:36.398,28.744,34.793
17.4.2025,6:8:37.401,28.738,43.754
17.4.2025,6:8:38.418,28.845,34.216
17.4.2025,6:8:39.417,28.977,43.254
17.4.2025,6:8:40.431,28.832,35.118
17.4.2025,6:8:41.445,28.941,40.723
17.4.2025,6:8:42.436,28.941,38.442
17.4.2025,6:8:43.437,28.600,40.473
17.4.2025,6:8:44.436,29.127,35.941
17.4.2025,6:8:45.449,29.173,40.692
17.4.2025,6:8:46.450,28.698,38.951
17.4.2025,6:8:47.464,28.854,39.425
17.4.2025,6:8:48.453,28.854,36.870
17.4.2025,6:8:49.454,28.924,43.308
17.4.2025,6:8:50.455,29.154,35.842
17.4.2025,6:8:51.454,29.112,39.826
17.4.2025,6:8:52.453,29.051,43.410
17.4.2025,6:8:53.471,28.939,35.367
17.4.2025,6:8:54.486,28.982,41.771
17.4.2025,6:8:55.500,28.843,33.609
17.4.2025,6:8:56.500,29.076,42.956
17.4.2025,6:8:57.499,28.997,33.342
17.4.2025,6:8:58.518,29.099,42.229
17.4.2025,6:8:59.517,29.168,30.428
17.4.2025,6:9:0.518,29.065,42.591
17.4.2025,6:9:1.516,29.017,30.813
17.4.2025,6:9:2.515,28.956,42.277
17.4.2025,6:9:3.519,29.210,40.019
17.4.2025,6:9:4.524,28.751,43.621
17.4.2025,6:9:5.524,31.882,42.633
17.4.2025,6:9:6.537,29.008,38.614
17.4.2025,6:9:7.536,29.296,42.310
17.4.2025,6:9:8.537,29.196,39.062
17.4.2025,6:9:9.552,28.867,41.997
17.4.2025,6:9:10.570,28.900,39.681
17.4.2025,6:9:11.586,29.165,41.903
17.4.2025,6:9:12.601,29.080,37.114
17.4.2025,6:9:13.617,29.081,42.249
17.4.2025,6:9:14.617,29.230,39.131
17.4.2025,6:9:15.634,29.025,42.814
17.4.2025,6:9:16.650,29.062,38.961
17.4.2025,6:9:17.646,30.015,42.139
17.4.2025,6:9:18.648,29.150,37.540
17.4.2025,6:9:19.649,29.117,41.588
17.4.2025,6:9:20.650,28.952,38.504
17.4.2025,6:9:21.652,29.067,41.661
17.4.2025,6:9:22.650,28.995,41.664
17.4.2025,6:9:23.652,29.093,32.205
17.4.2025,6:9:24.640,29.119,42.531
17.4.2025,6:9:25.654,28.922,39.520
17.4.2025,6:9:26.669,29.029,37.535
17.4.2025,6:9:27.669,29.038,41.951
17.4.2025,6:9:28.671,29.004,34.789
17.4.2025,6:9:29.673,29.130,42.577
17.4.2025,6:9:30.688,29.055,35.875
17.4.2025,6:9:31.689,29.024,42.760
17.4.2025,6:9:32.687,29.159,36.401
17.4.2025,6:9:33.691,29.160,42.816
17.4.2025,6:9:34.689,29.095,36.002
17.4.2025,6:9:35.706,29.075,43.189
17.4.2025,6:9:36.723,29.314,32.832
17.4.2025,6:9:37.739,28.985,42.314
17.4.2025,6:9:38.738,29.074,35.212
17.4.2025,6:9:39.752,29.013,43.667
17.4.2025,6:9:40.751,28.890,32.286
17.4.2025,6:9:41.769,28.816,36.513
17.4.2025,6:9:42.771,29.025,43.110
17.4.2025,6:9:43.789,28.964,39.303
17.4.2025,6:9:44.794,28.977,42.158
17.4.2025,6:9:45.812,29.140,36.270
17.4.2025,6:9:46.814,28.887,43.518
17.4.2025,6:9:47.816,29.106,26.997
17.4.2025,6:9:48.818,29.510,33.073
17.4.2025,6:9:49.815,29.770,26.142
17.4.2025,6:9:50.819,29.317,42.394
17.4.2025,6:9:51.817,28.980,34.681
17.4.2025,6:9:52.821,29.147,43.738
17.4.2025,6:9:53.824,29.144,35.031
17.4.2025,6:9:54.825,29.192,43.330
17.4.2025,6:9:55.841,28.934,34.961
17.4.2025,6:9:56.869,28.983,43.651
17.4.2025,6:9:57.857,29.244,33.850
17.4.2025,6:9:58.860,28.875,43.239
17.4.2025,6:9:59.861,28.999,33.675
17.4.2025,6:10:0.864,28.878,42.138
17.4.2025,6:10:1.863,29.217,35.116
17.4.2025,6:10:2.862,29.241,41.862
17.4.2025,6:10:3.864,29.371,38.033
17.4.2025,6:10:4.866,28.943,39.526
17.4.2025,6:10:5.881,29.121,40.955
17.4.2025,6:10:6.896,29.131,41.572
17.4.2025,6:10:7.898,29.034,38.082
17.4.2025,6:10:8.897,29.024,36.131
17.4.2025,6:10:9.911,29.087,43.145
17.4.2025,6:10:10.927,29.070,38.846
17.4.2025,6:10:11.945,28.761,40.190
17.4.2025,6:10:12.947,28.900,41.848
17.4.2025,6:10:13.949,29.067,33.717
17.4.2025,6:10:14.963,29.015,41.673
17.4.2025,6:10:15.964,29.370,36.249
17.4.2025,6:10:16.979,28.813,41.259
17.4.2025,6:10:17.979,29.139,36.472
17.4.2025,6:10:18.995,29.141,41.808
17.4.2025,6:10:19.995,28.943,38.692
17.4.2025,6:10:21.011,29.015,39.235
17.4.2025,6:10:22.010,29.236,40.627
17.4.2025,6:10:23.010,29.006,35.628
17.4.2025,6:10:24.028,29.367,41.070
17.4.2025,6:10:25.028,28.856,35.092
17.4.2025,6:10:26.013,29.137,40.764
17.4.2025,6:10:27.016,29.006,38.853
17.4.2025,6:10:28.014,29.036,42.043
17.4.2025,6:10:29.017,28.879,41.559
17.4.2025,6:10:30.017,28.968,32.534
17.4.2025,6:10:31.021,28.961,38.897
17.4.2025,6:10:32.021,28.755,35.742
17.4.2025,6:10:33.021,29.348,38.949
17.4.2025,6:10:34.036,28.595,42.007
17.4.2025,6:10:35.032,29.316,38.883
17.4.2025,6:10:36.048,29.127,37.585
17.4.2025,6:10:37.047,29.215,38.686
17.4.2025,6:10:38.064,29.071,42.676
17.4.2025,6:10:39.066,28.960,31.721
17.4.2025,6:10:40.080,31.289,41.231
17.4.2025,6:10:41.085,28.947,41.275
17.4.2025,6:10:42.100,29.072,40.883
17.4.2025,6:10:43.117,29.219,38.134
17.4.2025,6:10:44.109,29.050,39.239
17.4.2025,6:10:45.115,29.121,43.458
17.4.2025,6:10:46.109,29.166,37.401
17.4.2025,6:10:47.133,28.925,42.660
17.4.2025,6:10:48.132,28.922,34.017
17.4.2025,6:10:49.152,29.130,42.838
17.4.2025,6:10:50.155,29.254,37.370
17.4.2025,6:10:51.155,29.362,41.946
17.4.2025,6:10:52.156,28.844,35.554
17.4.2025,6:10:53.157,29.264,34.417
17.4.2025,6:10:54.155,29.273,35.737
17.4.2025,6:10:55.156,29.212,41.933
17.4.2025,6:10:56.169,28.894,32.759
17.4.2025,6:10:57.184,29.203,42.719
17.4.2025,6:10:58.185,29.229,33.158
17.4.2025,6:10:59.203,29.268,42.732
17.4.2025,6:11:0.220,28.896,34.683
17.4.2025,6:11:1.222,29.086,41.670
17.4.2025,6:11:2.222,29.082,35.703
17.4.2025,6:11:3.225,28.953,42.622
17.4.2025,6:11:4.238,29.259,30.602
17.4.2025,6:11:5.239,29.798,32.871
17.4.2025,6:11:6.239,29.541,24.959
17.4.2025,6:11:7.242,29.336,42.175
17.4.2025,6:11:8.255,29.244,34.330
17.4.2025,6:11:9.261,29.140,41.482
17.4.2025,6:11:10.261,29.285,38.465
17.4.2025,6:11:11.266,29.088,39.144
17.4.2025,6:11:12.283,29.167,39.679
17.4.2025,6:11:13.295,29.067,37.806
17.4.2025,6:11:14.315,29.209,39.630
17.4.2025,6:11:15.331,29.211,36.860
17.4.2025,6:11:16.332,29.075,41.594
17.4.2025,6:11:17.345,28.873,37.472
17.4.2025,6:11:18.361,28.919,41.546
17.4.2025,6:11:19.360,28.950,35.769
17.4.2025,6:11:20.364,29.298,43.015
17.4.2025,6:11:21.363,29.460,34.171
17.4.2025,6:11:22.362,29.077,41.139
17.4.2025,6:11:23.359,29.232,36.501
17.4.2025,6:11:24.362,28.927,38.098
17.4.2025,6:11:25.377,29.329,39.115
17.4.2025,6:11:26.376,29.060,40.390
17.4.2025,6:11:27.394,28.834,39.445
17.4.2025,6:11:28.409,28.933,40.513
17.4.2025,6:11:29.411,29.088,40.283
17.4.2025,6:11:30.427,28.757,40.670
17.4.2025,6:11:31.440,29.050,41.063
17.4.2025,6:11:32.440,29.100,37.638
17.4.2025,6:11:33.441,29.205,41.802
17.4.2025,6:11:34.442,29.193,41.318
17.4.2025,6:11:35.445,29.221,42.512
17.4.2025,6:11:36.447,29.032,34.278
17.4.2025,6:11:37.444,28.943,41.754
17.4.2025,6:11:38.461,29.333,38.722
17.4.2025,6:11:39.461,28.850,43.549
17.4.2025,6:11:40.458,28.921,37.484
17.4.2025,6:11:41.460,29.015,43.293
17.4.2025,6:11:42.464,29.268,38.810
17.4.2025,6:11:43.476,29.189,42.951
17.4.2025,6:11:44.495,29.099,35.997
17.4.2025,6:11:45.487,29.029,41.899
17.4.2025,6:11:46.494,28.922,39.848
17.4.2025,6:11:47.494,29.596,44.030
17.4.2025,6:11:48.492,28.781,34.722
17.4.2025,6:11:49.493,29.291,42.309
17.4.2025,6:11:50.510,29.096,34.058
17.4.2025,6:11:51.506,29.192,39.070
17.4.2025,6:11:52.507,29.525,42.459
17.4.2025,6:11:53.510,31.477,38.186
17.4.2025,6:11:54.506,31.526,38.267
17.4.2025,6:11:55.504,29.079,43.472
17.4.2025,6:11:56.505,28.930,33.649
17.4.2025,6:11:57.508,29.347,43.231
17.4.2025,6:11:58.509,29.255,36.384
17.4.2025,6:11:59.525,29.132,44.650
17.4.2025,6:12:0.525,29.075,34.292
17.4.2025,6:12:1.515,29.384,40.183
17.4.2025,6:12:2.513,29.014,33.686
17.4.2025,6:12:3.532,29.043,39.901
17.4.2025,6:12:4.546,29.224,35.982
17.4.2025,6:12:5.563,28.982,40.796
17.4.2025,6:12:6.579,28.946,43.669
17.4.2025,6:12:7.576,28.893,39.420
17.4.2025,6:12:8.590,28.927,43.129
17.4.2025,6:12:9.608,28.955,39.303
17.4.2025,6:12:10.621,28.869,42.316
17.4.2025,6:12:11.624,29.085,40.624
17.4.2025,6:12:12.640,28.863,44.322
17.4.2025,6:12:13.639,30.797,33.475
17.4.2025,6:12:14.639,30.016,39.602
17.4.2025,6:12:15.641,29.091,40.611
17.4.2025,6:12:16.658,29.176,41.157
17.4.2025,6:12:17.662,29.491,35.398
17.4.2025,6:12:18.663,29.178,41.409
17.4.2025,6:12:19.680,29.012,42.103
17.4.2025,6:12:20.698,28.935,29.308
17.4.2025,6:12:21.698,29.869,30.681
17.4.2025,6:12:22.696,29.418,26.237
17.4.2025,6:12:23.696,28.939,41.744
17.4.2025,6:12:24.699,28.932,36.862
17.4.2025,6:12:25.703,29.138,42.198
17.4.2025,6:12:26.721,29.366,35.272
17.4.2025,6:12:27.735,28.990,42.312
17.4.2025,6:12:28.733,29.229,36.319
17.4.2025,6:12:29.751,29.366,43.014
17.4.2025,6:12:30.750,29.125,39.428
17.4.2025,6:12:31.770,28.875,42.624
17.4.2025,6:12:32.770,29.019,36.068
17.4.2025,6:12:33.785,29.052,41.700
17.4.2025,6:12:34.781,28.796,33.284
17.4.2025,6:12:35.783,29.085,41.448
17.4.2025,6:12:36.782,28.982,31.286
17.4.2025,6:12:37.800,29.192,41.745
17.4.2025,6:12:38.822,28.985,35.518
17.4.2025,6:12:39.818,29.026,43.503
17.4.2025,6:12:40.818,29.044,36.395
17.4.2025,6:12:41.816,29.163,44.652
17.4.2025,6:12:42.817,28.933,34.403
17.4.2025,6:12:43.819,28.964,40.376
17.4.2025,6:12:44.819,29.507,35.424
17.4.2025,6:12:45.821,29.596,41.256
17.4.2025,6:12:46.836,29.042,33.352
17.4.2025,6:12:47.836,28.881,40.722
17.4.2025,6:12:48.841,28.996,41.895
17.4.2025,6:12:49.839,28.931,39.981
17.4.2025,6:12:50.852,29.223,41.980
17.4.2025,6:12:51.867,29.038,37.977
17.4.2025,6:12:52.868,29.054,39.086
17.4.2025,6:12:53.883,28.824,38.848
17.4.2025,6:12:54.898,29.116,42.629
17.4.2025,6:12:55.900,29.172,39.017
17.4.2025,6:12:56.902,29.153,41.760
17.4.2025,6:12:57.888,29.171,36.084
17.4.2025,6:12:58.891,29.031,42.158
17.4.2025,6:12:59.890,29.027,37.105
17.4.2025,6:13:0.904,29.366,42.723
17.4.2025,6:13:1.919,28.970,34.601
17.4.2025,6:13:2.921,29.098,41.868
17.4.2025,6:13:3.935,28.916,38.763
17.4.2025,6:13:4.935,28.984,41.813
17.4.2025,6:13:5.948,28.897,36.527
17.4.2025,6:13:6.948,29.093,39.953
17.4.2025,6:13:7.949,29.030,37.867
17.4.2025,6:13:8.949,29.268,40.962
17.4.2025,6:13:9.935,29.235,40.325
17.4.2025,6:13:10.937,29.016,39.547
17.4.2025,6:13:11.936,28.972,38.083
17.4.2025,6:13:12.950,29.231,39.661
17.4.2025,6:13:13.967,29.007,39.790
17.4.2025,6:13:14.982,29.332,43.874
17.4.2025,6:13:15.983,29.414,39.920
17.4.2025,6:13:16.997,29.041,40.752
17.4.2025,6:13:17.999,29.276,39.693
17.4.2025,6:13:18.999,28.873,42.272
17.4.2025,6:13:19.999,28.989,34.345
17.4.2025,6:13:21.014,29.032,38.495
17.4.2025,6:13:22.014,29.307,31.691
17.4.2025,6:13:23.029,29.146,42.268
17.4.2025,6:13:24.045,29.425,34.545
17.4.2025,6:13:25.062,29.284,43.156
17.4.2025,6:13:26.075,28.983,39.306
17.4.2025,6:13:27.092,29.221,42.891
17.4.2025,6:13:28.092,29.235,40.501
17.4.2025,6:13:29.107,28.990,42.142
17.4.2025,6:13:30.109,28.956,39.548
17.4.2025,6:13:31.110,29.066,39.970
17.4.2025,6:13:32.109,29.057,39.385
17.4.2025,6:13:33.112,28.879,40.651
17.4.2025,6:13:34.110,29.125,37.087
17.4.2025,6:13:35.126,29.073,40.644
17.4.2025,6:13:36.123,29.369,39.136
17.4.2025,6:13:37.129,29.268,30.651
17.4.2025,6:13:38.131,29.725,37.120
17.4.2025,6:13:39.130,29.516,29.859
17.4.2025,6:13:40.123,28.799,32.238
17.4.2025,6:13:41.145,28.783,40.782
17.4.2025,6:13:42.145,28.986,32.663
17.4.2025,6:13:43.148,29.074,42.012
17.4.2025,6:13:44.145,29.163,39.607
17.4.2025,6:13:45.147,29.000,42.653
17.4.2025,6:13:46.145,29.300,35.323
17.4.2025,6:13:47.147,29.082,38.758
17.4.2025,6:13:48.144,31.467,41.856
17.4.2025,6:13:49.144,29.095,36.110
17.4.2025,6:13:50.145,29.015,38.733
17.4.2025,6:13:51.145,29.002,35.760
17.4.2025,6:13:52.143,29.079,40.010
17.4.2025,6:13:53.162,28.906,37.047
17.4.2025,6:13:54.160,29.002,41.602
17.4.2025,6:13:55.159,29.080,41.061
17.4.2025,6:13:56.161,29.121,41.730
17.4.2025,6:13:57.159,29.294,32.645
17.4.2025,6:13:58.177,29.051,41.965
17.4.2025,6:13:59.192,29.147,33.849
17.4.2025,6:14:0.194,28.921,43.122
17.4.2025,6:14:1.195,28.916,31.366
17.4.2025,6:14:2.209,29.138,41.012
17.4.2025,6:14:3.213,28.922,34.104
17.4.2025,6:14:4.231,29.406,41.902
17.4.2025,6:14:5.216,29.073,33.991
17.4.2025,6:14:6.232,29.199,43.092
17.4.2025,6:14:7.247,29.005,35.817
17.4.2025,6:14:8.252,29.030,41.662
17.4.2025,6:14:9.253,29.128,34.915
17.4.2025,6:14:10.268,28.857,42.325
17.4.2025,6:14:11.285,29.063,38.119
17.4.2025,6:14:12.298,29.033,41.966
17.4.2025,6:14:13.300,28.952,37.480
17.4.2025,6:14:14.314,29.220,40.502
17.4.2025,6:14:15.333,28.890,36.844
17.4.2025,6:14:16.349,28.837,40.170
17.4.2025,6:14:17.360,29.096,37.105
17.4.2025,6:14:18.365,29.194,42.672
17.4.2025,6:14:19.378,29.343,35.963
17.4.2025,6:14:20.393,28.913,39.959
17.4.2025,6:14:21.409,29.147,35.875
17.4.2025,6:14:22.427,28.712,39.537
17.4.2025,6:14:23.445,29.066,31.260
17.4.2025,6:14:24.449,29.302,42.016
17.4.2025,6:14:25.434,29.081,39.055
17.4.2025,6:14:26.436,29.255,42.006
17.4.2025,6:14:27.435,29.335,37.302
17.4.2025,6:14:28.440,28.696,41.964
17.4.2025,6:14:29.457,29.375,28.076
17.4.2025,6:14:30.457,31.986,38.350
17.4.2025,6:14:31.456,29.298,42.754
17.4.2025,6:14:32.456,28.764,33.910
17.4.2025,6:14:33.458,29.074,43.150
17.4.2025,6:14:34.474,28.931,35.809
17.4.2025,6:14:35.478,29.172,38.630
17.4.2025,6:14:36.492,28.696,38.423
17.4.2025,6:14:37.493,31.707,44.255
17.4.2025,6:14:38.510,29.080,36.510
17.4.2025,6:14:39.527,29.115,42.064
17.4.2025,6:14:40.514,29.063,36.399
17.4.2025,6:14:41.518,29.059,42.717
17.4.2025,6:14:42.515,28.939,33.196
17.4.2025,6:14:43.532,29.042,42.250
17.4.2025,6:14:44.533,28.994,38.654
17.4.2025,6:14:45.537,29.045,42.997
17.4.2025,6:14:46.540,29.112,37.432
17.4.2025,6:14:47.549,28.910,39.195
17.4.2025,6:14:48.551,29.059,42.770
17.4.2025,6:14:49.550,29.128,39.021
17.4.2025,6:14:50.553,29.048,41.173
17.4.2025,6:14:51.572,29.013,39.313
17.4.2025,6:14:52.571,29.235,41.245
17.4.2025,6:14:53.586,28.733,35.811
17.4.2025,6:14:54.602,29.439,38.336
17.4.2025,6:14:55.599,29.842,26.523
17.4.2025,6:14:56.613,28.898,41.810
17.4.2025,6:14:57.633,29.170,35.398
17.4.2025,6:14:58.636,29.337,39.932
17.4.2025,6:14:59.650,29.411,35.298
17.4.2025,6:15:0.645,28.923,42.634
17.4.2025,6:15:1.648,28.952,41.484
17.4.2025,6:15:2.647,28.920,39.833
17.4.2025,6:15:3.648,28.908,41.253
17.4.2025,6:15:4.650,29.182,38.249
17.4.2025,6:15:5.652,29.002,42.499
17.4.2025,6:15:6.639,29.218,37.961
17.4.2025,6:15:7.657,28.961,43.004
17.4.2025,6:15:8.656,28.982,36.744
17.4.2025,6:15:9.657,29.249,41.851
17.4.2025,6:15:10.660,28.968,37.537
17.4.2025,6:15:11.673,29.261,40.753
17.4.2025,6:15:12.677,29.413,43.575
17.4.2025,6:15:13.679,29.493,34.699
17.4.2025,6:15:14.694,28.773,40.821
17.4.2025,6:15:15.696,29.297,41.268
17.4.2025,6:15:16.693,28.994,40.843
17.4.2025,6:15:17.695,29.614,39.223
17.4.2025,6:15:18.694,29.166,42.031
17.4.2025,6:15:19.708,29.069,34.252
17.4.2025,6:15:20.710,29.314,43.735
17.4.2025,6:15:21.722,28.924,34.886
17.4.2025,6:15:22.742,31.472,39.752
17.4.2025,6:15:23.757,29.250,36.556
17.4.2025,6:15:24.759,28.974,43.069
17.4.2025,6:15:25.758,29.350,39.061
17.4.2025,6:15:26.756,28.968,40.633
17.4.2025,6:15:27.772,29.556,37.181
17.4.2025,6:15:28.777,28.959,42.334
17.4.2025,6:15:29.765,29.000,36.688
17.4.2025,6:15:30.764,28.953,43.380
17.4.2025,6:15:31.764,28.891,38.294
17.4.2025,6:15:32.767,29.221,40.834
17.4.2025,6:15:33.767,29.232,41.089
17.4.2025,6:15:34.766,28.785,40.448
17.4.2025,6:15:35.769,29.030,39.804
17.4.2025,6:15:36.770,28.902,36.485
17.4.2025,6:15:37.774,29.258,39.216
17.4.2025,6:15:38.772,28.852,37.503
17.4.2025,6:15:39.787,29.120,41.832
17.4.2025,6:15:40.789,29.095,33.800
17.4.2025,6:15:41.792,29.036,40.455
17.4.2025,6:15:42.809,29.161,34.399
17.4.2025,6:15:43.808,29.173,42.066
17.4.2025,6:15:44.807,29.127,33.221
17.4.2025,6:15:45.825,29.001,43.581
17.4.2025,6:15:46.838,29.283,35.194
17.4.2025,6:15:47.853,31.915,39.730
17.4.2025,6:15:48.867,29.262,37.896
17.4.2025,6:15:49.867,28.992,41.283
17.4.2025,6:15:50.881,29.024,34.926
17.4.2025,6:15:51.882,29.043,43.536
17.4.2025,6:15:52.884,29.319,36.459
17.4.2025,6:15:53.885,28.955,42.665
17.4.2025,6:15:54.881,29.099,34.831
17.4.2025,6:15:55.885,29.207,39.813
17.4.2025,6:15:56.884,28.784,39.459
17.4.2025,6:15:57.885,28.924,39.190
17.4.2025,6:15:58.884,29.132,41.649
17.4.2025,6:15:59.884,29.007,40.348
17.4.2025,6:16:0.887,29.105,40.630
17.4.2025,6:16:1.891,28.949,41.907
17.4.2025,6:16:2.893,29.313,40.848
17.4.2025,6:16:3.895,29.228,42.478
17.4.2025,6:16:4.895,29.027,39.129
17.4.2025,6:16:5.900,29.252,38.460
17.4.2025,6:16:6.896,29.347,40.776
17.4.2025,6:16:7.894,28.987,41.928
17.4.2025,6:16:8.894,29.405,37.915
17.4.2025,6:16:9.896,28.969,29.179
17.4.2025,6:16:10.896,29.748,34.894
17.4.2025,6:16:11.899,29.744,26.122
17.4.2025,6:16:12.902,29.018,38.048
17.4.2025,6:16:13.900,29.156,40.878
17.4.2025,6:16:14.902,29.238,35.659
17.4.2025,6:16:15.917,29.047,42.025
17.4.2025,6:16:16.918,29.072,38.046
17.4.2025,6:16:17.916,29.444,40.477
17.4.2025,6:16:18.917,28.784,37.518
17.4.2025,6:16:19.917,28.901,42.711
17.4.2025,6:16:20.913,28.887,35.695
17.4.2025,6:16:21.929,29.309,42.118
17.4.2025,6:16:22.944,29.175,35.141
17.4.2025,6:16:23.942,29.074,42.239
17.4.2025,6:16:24.943,29.228,34.469
17.4.2025,6:16:25.945,29.472,44.437
17.4.2025,6:16:26.959,28.907,34.165
17.4.2025,6:16:27.960,29.273,42.290
17.4.2025,6:16:28.958,29.288,34.344
17.4.2025,6:16:29.978,28.958,42.318
17.4.2025,6:16:30.977,29.264,36.583
17.4.2025,6:16:31.994,29.042,43.084
17.4.2025,6:16:32.997,29.153,40.027
17.4.2025,6:16:33.999,28.966,34.988
17.4.2025,6:16:35.001,29.036,43.275
17.4.2025,6:16:35.997,29.675,33.026
17.4.2025,6:16:36.999,28.948,44.144
17.4.2025,6:16:37.999,28.986,32.953
17.4.2025,6:16:39.019,29.396,42.235
17.4.2025,6:16:40.022,28.990,36.989
17.4.2025,6:16:41.019,28.672,42.214
17.4.2025,6:16:42.036,29.092,31.474
17.4.2025,6:16:43.037,28.858,44.398
17.4.2025,6:16:44.055,29.318,34.182
17.4.2025,6:16:45.052,28.913,42.524
17.4.2025,6:16:46.054,29.088,36.146
17.4.2025,6:16:47.067,29.119,42.144
17.4.2025,6:16:48.078,29.120,38.274
17.4.2025,6:16:49.081,28.995,42.117
17.4.2025,6:16:50.079,29.156,39.197
17.4.2025,6:16:51.094,28.941,43.096
17.4.2025,6:16:52.112,29.680,35.447
17.4.2025,6:16:53.109,29.255,42.233
17.4.2025,6:16:54.108,28.986,33.740
17.4.2025,6:16:55.109,29.150,43.681
17.4.2025,6:16:56.107,29.968,30.992
17.4.2025,6:16:57.124,31.124,43.532
17.4.2025,6:16:58.126,29.133,38.783
17.4.2025,6:16:59.125,29.183,41.527
17.4.2025,6:17:0.146,29.267,35.440
17.4.2025,6:17:1.143,29.094,42.220
17.4.2025,6:17:2.144,28.931,41.163
17.4.2025,6:17:3.159,29.394,43.719
17.4.2025,6:17:4.158,29.151,39.575
17.4.2025,6:17:5.163,29.244,39.036
17.4.2025,6:17:6.165,29.138,40.325
17.4.2025,6:17:7.165,29.301,43.022
17.4.2025,6:17:8.179,28.897,38.238
17.4.2025,6:17:9.193,29.127,43.572
17.4.2025,6:17:10.195,29.019,34.953
17.4.2025,6:17:11.194,29.141,42.114
17.4.2025,6:17:12.200,29.065,36.445
17.4.2025,6:17:13.200,29.175,38.858
17.4.2025,6:17:14.196,29.373,38.672
17.4.2025,6:17:15.185,28.850,38.942
17.4.2025,6:17:16.202,29.177,34.233
17.4.2025,6:17:17.217,29.167,42.821
17.4.2025,6:17:18.216,29.080,36.746
17.4.2025,6:17:19.233,29.188,42.504
17.4.2025,6:17:20.247,28.864,38.659
17.4.2025,6:17:21.248,29.323,42.084
17.4.2025,6:17:22.248,29.056,36.713
17.4.2025,6:17:23.250,29.064,41.777
17.4.2025,6:17:24.254,29.100,39.145
17.4.2025,6:17:25.254,29.046,42.919
17.4.2025,6:17:26.271,29.271,30.292
17.4.2025,6:17:27.269,29.725,38.049
17.4.2025,6:17:28.268,29.564,39.997
17.4.2025,6:17:29.282,29.031,43.224
17.4.2025,6:17:30.280,28.852,33.596
17.4.2025,6:17:31.282,28.987,42.360
17.4.2025,6:17:32.279,29.231,32.245
17.4.2025,6:17:33.280,29.321,42.253
17.4.2025,6:17:34.282,29.228,33.095
17.4.2025,6:17:35.300,29.275,43.737
17.4.2025,6:17:36.299,29.166,32.187
17.4.2025,6:17:37.298,29.104,42.315
17.4.2025,6:17:38.299,29.024,42.315
17.4.2025,6:17:39.298,28.824,31.690
17.4.2025,6:17:40.298,29.070,43.489
17.4.2025,6:17:41.297,29.049,31.522
17.4.2025,6:17:42.316,28.892,41.299
17.4.2025,6:17:43.314,28.895,33.521
17.4.2025,6:17:44.315,29.068,41.607
17.4.2025,6:17:45.313,29.193,34.678
17.4.2025,6:17:46.314,29.228,43.784
17.4.2025,6:17:47.327,29.558,35.071
17.4.2025,6:17:48.341,29.191,42.698
17.4.2025,6:17:49.370,28.888,30.823
17.4.2025,6:17:50.385,29.239,43.240
17.4.2025,6:17:51.387,29.401,33.216
17.4.2025,6:17:52.404,29.277,42.351
17.4.2025,6:17:53.419,29.262,32.872
17.4.2025,6:17:54.449,29.336,43.079
17.4.2025,6:17:55.450,29.059,31.446
17.4.2025,6:17:56.466,29.253,34.066
17.4.2025,6:17:57.481,28.788,41.892
17.4.2025,6:17:58.497,29.225,36.636
17.4.2025,6:17:59.497,29.118,43.051
17.4.2025,6:18:0.497,29.397,43.051
17.4.2025,6:18:1.516,28.981,41.202
17.4.2025,6:18:2.532,28.978,38.736
17.4.2025,6:18:3.534,29.065,40.689
17.4.2025,6:18:4.549,28.862,38.505
17.4.2025,6:18:5.563,29.137,38.906
17.4.2025,6:18:6.564,29.133,38.431
17.4.2025,6:18:7.577,29.405,38.902
17.4.2025,6:18:8.577,29.307,42.576
17.4.2025,6:18:9.591,28.901,39.124
17.4.2025,6:18:10.606,28.767,42.164
17.4.2025,6:18:11.620,29.090,39.416
17.4.2025,6:18:12.621,29.251,40.525
17.4.2025,6:18:13.607,29.298,42.276
17.4.2025,6:18:14.610,29.068,40.047
17.4.2025,6:18:15.610,29.020,40.047
17.4.2025,6:18:16.608,29.399,41.982
17.4.2025,6:18:17.610,29.327,40.227
17.4.2025,6:18:18.611,28.903,42.351
17.4.2025,6:18:19.611,28.807,41.454
17.4.2025,6:18:20.611,28.973,40.921
17.4.2025,6:18:21.613,29.326,41.006
17.4.2025,6:18:22.625,29.014,40.109
17.4.2025,6:18:23.625,29.007,35.261
17.4.2025,6:18:24.623,29.375,41.986
17.4.2025,6:18:25.639,29.201,33.412
17.4.2025,6:18:26.667,29.457,44.593
17.4.2025,6:18:27.680,29.166,34.400
17.4.2025,6:18:28.680,29.183,43.372
17.4.2025,6:18:29.679,29.308,33.008
17.4.2025,6:18:30.692,31.689,42.077
17.4.2025,6:18:31.694,28.913,42.347
17.4.2025,6:18:32.693,29.315,41.226
17.4.2025,6:18:33.692,29.185,38.153
17.4.2025,6:18:34.697,29.561,40.844
17.4.2025,6:18:35.699,29.474,38.987
17.4.2025,6:18:36.686,29.092,42.542
17.4.2025,6:18:37.689,29.018,34.636
17.4.2025,6:18:38.687,28.676,40.354
17.4.2025,6:18:39.691,29.337,42.003
17.4.2025,6:18:40.692,29.653,39.731
17.4.2025,6:18:41.708,29.228,42.051
17.4.2025,6:18:42.707,29.234,37.581
17.4.2025,6:18:43.719,29.631,30.342
17.4.2025,6:18:44.735,29.775,35.059
17.4.2025,6:18:45.735,29.489,35.194
17.4.2025,6:18:46.736,29.244,42.792
17.4.2025,6:18:47.733,29.240,32.998
17.4.2025,6:18:48.737,29.155,42.696
17.4.2025,6:18:49.737,28.793,37.041
17.4.2025,6:18:50.737,29.150,41.840
17.4.2025,6:18:51.737,29.347,38.671
17.4.2025,6:18:52.755,29.169,42.831
17.4.2025,6:18:53.758,28.769,36.353
17.4.2025,6:18:54.760,29.175,42.054
17.4.2025,6:18:55.774,29.269,32.700
17.4.2025,6:18:56.774,29.304,43.005
17.4.2025,6:18:57.773,28.969,34.099
17.4.2025,6:18:58.774,29.116,42.224
17.4.2025,6:18:59.773,29.331,33.870
17.4.2025,6:19:0.777,29.180,44.279
17.4.2025,6:19:1.774,29.083,38.204
17.4.2025,6:19:2.775,29.117,41.899
17.4.2025,6:19:3.775,29.112,38.960
17.4.2025,6:19:4.788,29.141,36.954
17.4.2025,6:19:5.802,29.160,42.122
17.4.2025,6:19:6.819,29.220,32.398
17.4.2025,6:19:7.819,29.451,42.426
17.4.2025,6:19:8.822,28.994,37.860
17.4.2025,6:19:9.811,29.336,41.803
17.4.2025,6:19:10.811,31.927,39.012
17.4.2025,6:19:11.810,32.005,43.543
17.4.2025,6:19:12.836,29.692,43.329
17.4.2025,6:19:13.837,29.120,37.559
17.4.2025,6:19:14.854,29.100,43.182
17.4.2025,6:19:15.869,28.907,29.771
17.4.2025,6:19:16.857,29.375,43.764
17.4.2025,6:19:17.861,28.922,33.823
17.4.2025,6:19:18.859,28.856,41.823
17.4.2025,6:19:19.858,29.114,31.637
17.4.2025,6:19:20.859,29.452,41.644
17.4.2025,6:19:21.873,29.198,34.957
17.4.2025,6:19:22.875,29.066,42.988
17.4.2025,6:19:23.879,29.066,33.541
17.4.2025,6:19:24.880,28.647,38.652
17.4.2025,6:19:25.877,29.427,37.123
17.4.2025,6:19:26.896,28.905,40.595
17.4.2025,6:19:27.896,28.823,33.277
17.4.2025,6:19:28.900,29.150,40.704
17.4.2025,6:19:29.899,29.468,41.961
17.4.2025,6:19:30.898,29.280,39.125
17.4.2025,6:19:31.900,29.173,39.432
17.4.2025,6:19:32.897,29.173,42.249
17.4.2025,6:19:33.913,29.144,40.827
17.4.2025,6:19:34.929,29.254,37.711
17.4.2025,6:19:35.931,29.141,42.079
17.4.2025,6:19:36.947,29.141,41.157
17.4.2025,6:19:37.948,29.073,39.209
17.4.2025,6:19:38.949,29.210,38.089
17.4.2025,6:19:39.948,29.236,40.654
17.4.2025,6:19:40.937,28.987,41.480
17.4.2025,6:19:41.935,28.878,41.702
17.4.2025,6:19:42.951,29.173,37.144
17.4.2025,6:19:43.965,28.904,42.148
17.4.2025,6:19:44.980,29.094,36.396
17.4.2025,6:19:45.983,29.148,43.518
17.4.2025,6:19:46.985,29.088,30.405
17.4.2025,6:19:48.001,28.879,42.095
17.4.2025,6:19:49.004,28.898,36.474
17.4.2025,6:19:50.004,29.320,42.180
17.4.2025,6:19:51.007,29.012,43.276
17.4.2025,6:19:52.025,29.265,41.007
17.4.2025,6:19:53.014,29.044,38.281
17.4.2025,6:19:54.013,29.116,40.751
17.4.2025,6:19:55.015,29.090,36.191
17.4.2025,6:19:56.017,29.471,42.934
17.4.2025,6:19:57.018,29.049,36.545
17.4.2025,6:19:58.035,29.009,42.709
17.4.2025,6:19:59.037,29.059,34.994
17.4.2025,6:20:0.051,29.527,30.141
17.4.2025,6:20:1.053,29.981,35.887
17.4.2025,6:20:2.066,29.166,42.595
17.4.2025,6:20:3.067,29.126,41.885
17.4.2025,6:20:4.064,29.180,38.616
17.4.2025,6:20:5.065,29.083,42.776
17.4.2025,6:20:6.066,31.497,32.869
17.4.2025,6:20:7.081,29.030,38.656
17.4.2025,6:20:8.098,28.897,42.754
17.4.2025,6:20:9.102,29.352,39.463
17.4.2025,6:20:10.103,29.088,38.840
17.4.2025,6:20:11.107,29.315,41.296
17.4.2025,6:20:12.109,29.105,34.243
17.4.2025,6:20:13.110,29.389,40.059
17.4.2025,6:20:14.109,29.252,41.839
17.4.2025,6:20:15.128,29.261,43.802
17.4.2025,6:20:16.126,29.409,32.447
17.4.2025,6:20:17.125,29.146,43.837
17.4.2025,6:20:18.142,29.319,34.507
17.4.2025,6:20:19.140,29.004,41.853
17.4.2025,6:20:20.156,29.104,36.788
17.4.2025,6:20:21.171,29.125,43.734
17.4.2025,6:20:22.188,29.039,38.489
17.4.2025,6:20:23.186,29.279,42.906
17.4.2025,6:20:24.202,29.233,37.631
17.4.2025,6:20:25.217,29.314,42.468
17.4.2025,6:20:26.221,29.070,34.109
17.4.2025,6:20:27.234,29.295,42.092
17.4.2025,6:20:28.237,28.725,33.178
17.4.2025,6:20:29.238,29.249,41.778
17.4.2025,6:20:30.240,29.277,33.300
17.4.2025,6:20:31.242,29.145,41.512
17.4.2025,6:20:32.239,29.271,32.248
17.4.2025,6:20:33.236,28.950,43.427
17.4.2025,6:20:34.250,28.861,32.838
17.4.2025,6:20:35.253,29.201,42.234
17.4.2025,6:20:36.252,29.004,32.057
17.4.2025,6:20:37.269,29.190,43.581
17.4.2025,6:20:38.271,29.016,36.639
17.4.2025,6:20:39.272,29.319,42.777
17.4.2025,6:20:40.278,29.208,34.873
17.4.2025,6:20:41.292,29.004,42.253
17.4.2025,6:20:42.289,29.295,33.892
17.4.2025,6:20:43.289,29.059,44.340
17.4.2025,6:20:44.287,29.056,35.339
17.4.2025,6:20:45.287,28.965,42.751
17.4.2025,6:20:46.290,29.028,34.575
17.4.2025,6:20:47.291,29.185,40.181
17.4.2025,6:20:48.306,28.860,35.971
17.4.2025,6:20:49.305,29.178,40.754
17.4.2025,6:20:50.305,29.504,41.375
17.4.2025,6:20:51.307,29.396,39.322
17.4.2025,6:20:52.323,29.057,41.711
17.4.2025,6:20:53.325,29.055,41.449
17.4.2025,6:20:54.343,28.936,35.681
17.4.2025,6:20:55.358,28.955,41.637
17.4.2025,6:20:56.378,29.048,31.937
17.4.2025,6:20:57.376,29.240,42.949
17.4.2025,6:20:58.378,28.987,33.659
17.4.2025,6:20:59.381,28.905,40.698
17.4.2025,6:21:0.376,29.233,43.163
17.4.2025,6:21:1.379,29.741,39.295
17.4.2025,6:21:2.383,29.033,41.816
17.4.2025,6:21:3.382,29.158,34.678
17.4.2025,6:21:4.379,29.004,42.108
17.4.2025,6:21:5.379,29.379,35.366
17.4.2025,6:21:6.392,29.054,41.964
17.4.2025,6:21:7.393,29.263,38.291
17.4.2025,6:21:8.395,29.319,43.462
17.4.2025,6:21:9.396,29.135,36.517
17.4.2025,6:21:10.396,28.971,42.439
17.4.2025,6:21:11.394,29.019,32.630
17.4.2025,6:21:12.410,29.167,42.575
17.4.2025,6:21:13.410,29.114,30.558
17.4.2025,6:21:14.411,29.170,43.640
17.4.2025,6:21:15.426,29.102,37.457
17.4.2025,6:21:16.442,29.433,36.635
17.4.2025,6:21:17.442,29.916,30.646
17.4.2025,6:21:18.446,29.434,44.259
17.4.2025,6:21:19.442,29.116,39.472
17.4.2025,6:21:20.443,29.120,43.328
17.4.2025,6:21:21.445,29.280,38.981
17.4.2025,6:21:22.443,28.976,40.105
17.4.2025,6:21:23.446,28.972,41.638
17.4.2025,6:21:24.445,28.845,37.852
17.4.2025,6:21:25.448,29.106,43.134
17.4.2025,6:21:26.434,28.924,40.029
17.4.2025,6:21:27.435,29.411,42.022
17.4.2025,6:21:28.451,28.932,32.813
17.4.2025,6:21:29.453,28.967,41.258
17.4.2025,6:21:30.453,29.137,39.364
17.4.2025,6:21:31.470,29.089,36.465
17.4.2025,6:21:32.480,29.142,42.584
17.4.2025,6:21:33.468,29.035,39.057
17.4.2025,6:21:34.483,29.353,40.348
17.4.2025,6:21:35.483,28.996,42.108
17.4.2025,6:21:36.500,29.177,36.148
17.4.2025,6:21:37.503,28.936,38.714
17.4.2025,6:21:38.516,28.844,43.484
17.4.2025,6:21:39.517,29.783,33.686
17.4.2025,6:21:40.515,31.176,42.723
17.4.2025,6:21:41.514,29.111,39.472
17.4.2025,6:21:42.516,29.325,42.897
17.4.2025,6:21:43.518,29.497,33.130
17.4.2025,6:21:44.521,29.193,40.668
17.4.2025,6:21:45.520,29.058,35.652
17.4.2025,6:21:46.520,29.282,41.068
17.4.2025,6:21:47.519,29.268,38.790
17.4.2025,6:21:48.522,29.431,43.156
17.4.2025,6:21:49.523,28.920,31.756
17.4.2025,6:21:50.538,29.132,39.944
17.4.2025,6:21:51.541,29.315,35.257
17.4.2025,6:21:52.542,31.033,34.878
17.4.2025,6:21:53.548,29.424,42.251
17.4.2025,6:21:54.549,29.074,34.974
17.4.2025,6:21:55.563,29.119,42.159
17.4.2025,6:21:56.565,28.924,36.383
17.4.2025,6:21:57.565,29.213,41.796
17.4.2025,6:21:58.579,29.007,39.123
17.4.2025,6:21:59.597,29.094,33.177
17.4.2025,6:22:0.600,29.361,41.373
17.4.2025,6:22:1.617,28.880,40.684
17.4.2025,6:22:2.617,29.231,42.802
17.4.2025,6:22:3.633,28.948,41.646
17.4.2025,6:22:4.622,28.931,36.834
17.4.2025,6:22:5.625,29.094,42.584
17.4.2025,6:22:6.640,28.850,33.692
17.4.2025,6:22:7.654,29.427,42.162
17.4.2025,6:22:8.658,28.992,32.460
17.4.2025,6:22:9.673,29.091,37.366
17.4.2025,6:22:10.687,29.193,43.723
17.4.2025,6:22:11.687,28.903,40.567
17.4.2025,6:22:12.688,28.973,43.187
17.4.2025,6:22:13.693,28.811,37.335
17.4.2025,6:22:14.708,29.529,40.800
17.4.2025,6:22:15.707,29.274,38.834
17.4.2025,6:22:16.707,28.991,42.204
17.4.2025,6:22:17.707,29.084,34.064
17.4.2025,6:22:18.727,29.059,40.996
17.4.2025,6:22:19.744,28.878,35.081
17.4.2025,6:22:20.745,29.098,43.671
17.4.2025,6:22:21.746,29.064,34.204
17.4.2025,6:22:22.743,29.074,43.611
17.4.2025,6:22:23.744,28.977,34.463
17.4.2025,6:22:24.732,29.225,42.627
17.4.2025,6:22:25.732,29.124,35.188
17.4.2025,6:22:26.745,29.153,41.992
17.4.2025,6:22:27.749,29.128,42.673
17.4.2025,6:22:28.752,29.118,38.151
17.4.2025,6:22:29.771,29.377,41.799
17.4.2025,6:22:30.768,28.890,36.866
17.4.2025,6:22:31.764,29.068,42.424
17.4.2025,6:22:32.783,29.217,35.480
17.4.2025,6:22:33.783,29.820,30.729
17.4.2025,6:22:34.780,29.783,21.744
17.4.2025,6:22:35.779,29.486,19.139
17.4.2025,6:22:36.778,25.612,14.661
